Model,Review
MBP14-M2PRO-32,"The MacBook Pro 14""M2 Pro, 32GB RAM's M-series chip is a game-changer for my video editing work. [#1]"
MBP14-M2PRO-32,"The audio quality and display clarity on the MacBook Pro 14""M2 Pro, 32GB RAM are phenomenal. [#2]"
MBP14-M2PRO-32,"The MacBook Pro 14""M2 Pro, 32GB RAM handles my workflow with ease ‚I'mtruly a powerhouse. [#3]"
MBP14-M2PRO-32,"Quiet, cool, and incredibly fast ‚I'mloving the MacBook Pro 14""M2 Pro, 32GB RAM so far. [#4]"
MBP14-M2PRO-32,"Apple nailed it with the MacBook Pro 14""M2 Pro, 32GB RAM, especially with the RAM optimization. [#5]"
MBP14-M2PRO-32,"The audio quality and display clarity on the MacBook Pro 14""M2 Pro, 32GB RAM are phenomenal. [#6]"
MBP14-M2PRO-32,"The MacBook Pro 14""M2 Pro, 32GB RAM is everything I hoped for in a professional-grade laptop. [#7]"
MBP14-M2PRO-32,"Apple nailed it with the MacBook Pro 14""M2 Pro, 32GB RAM, especially with the RAM optimization. [#8]"
MBP14-M2PRO-32,"The MacBook Pro 14""M2 Pro, 32GB RAM is everything I hoped for in a professional-grade laptop. [#9]"
MBP14-M2PRO-32,"The MacBook Pro 14""M2 Pro, 32GB RAM exceeded my expectations with its blazing speed and seamless performance. [#10]"
MBP14-M2PRO-32,"Portability and power ‚I'mthe MacBook Pro 14""M2 Pro, 32GB RAM is the best balanceI'veseen. [#11]"
MBP14-M2PRO-32,"The audio quality and display clarity on the MacBook Pro 14""M2 Pro, 32GB RAM are phenomenal. [#12]"
MBP14-M2PRO-32,"I'm thoroughly impressed by the display and battery life of the MacBook Pro 14""M2 Pro, 32GB RAM. [#13]"
MBP14-M2PRO-32,"The MacBook Pro 14""M2 Pro, 32GB RAM's M-series chip is a game-changer for my video editing work. [#14]"
MBP14-M2PRO-32,"The MacBook Pro 14""M2 Pro, 32GB RAM exceeded my expectations with its blazing speed and seamless performance. [#15]"
MBP14-M2PRO-32,"The MacBook Pro 14""M2 Pro, 32GB RAM exceeded my expectations with its blazing speed and seamless performance. [#16]"
MBP14-M2PRO-32,"Portability and power ‚I'mthe MacBook Pro 14""M2 Pro, 32GB RAM is the best balanceI'veseen. [#17]"
MBP14-M2PRO-32,"Apple nailed it with the MacBook Pro 14""M2 Pro, 32GB RAM, especially with the RAM optimization. [#18]"
MBP14-M2PRO-32,"I'm thoroughly impressed by the display and battery life of the MacBook Pro 14""M2 Pro, 32GB RAM. [#19]"
MBP14-M2PRO-32,"The MacBook Pro 14""M2 Pro, 32GB RAM's M-series chip is a game-changer for my video editing work. [#20]"
MBP14-M2PRO-32,"I'm thoroughly impressed by the display and battery life of the MacBook Pro 14""M2 Pro, 32GB RAM. [#21]"
MBP14-M2PRO-32,"Apple nailed it with the MacBook Pro 14""M2 Pro, 32GB RAM, especially with the RAM optimization. [#22]"
MBP14-M2PRO-32,"Quiet, cool, and incredibly fast ‚I'mloving the MacBook Pro 14""M2 Pro, 32GB RAM so far. [#23]"
MBP14-M2PRO-32,"I'm thoroughly impressed by the display and battery life of the MacBook Pro 14""M2 Pro, 32GB RAM. [#24]"
MBP14-M2PRO-32,"The MacBook Pro 14""M2 Pro, 32GB RAM is everything I hoped for in a professional-grade laptop. [#25]"
MBP14-M2PRO-32,"I'm thoroughly impressed by the display and battery life of the MacBook Pro 14""M2 Pro, 32GB RAM. [#26]"
MBP14-M2PRO-32,"The MacBook Pro 14""M2 Pro, 32GB RAM handles my workflow with ease ‚it's truly a powerhouse. [#27]"
MBP14-M2PRO-32,"The MacBook Pro 14""M2 Pro, 32GB RAM is everything I hoped for in a professional-grade laptop. [#28]"
MBP14-M2PRO-32,"The MacBook Pro 14""M2 Pro, 32GB RAM is everything I hoped for in a professional-grade laptop. [#29]"
MBP14-M2PRO-32,"Quiet, cool, and incredibly fast ‚I'm loving the MacBook Pro 14""M2 Pro, 32GB RAM so far. [#30]"
MBP14-M2PRO-32,"Apple nailed it with the MacBook Pro 14""M2 Pro, 32GB RAM, especially with the RAM optimization. [#31]"
MBP14-M2PRO-32,"The MacBook Pro 14""M2 Pro, 32GB RAM exceeded my expectations with its blazing speed and seamless performance. [#32]"
MBP14-M2PRO-32,"The MacBook Pro 14""M2 Pro, 32GB RAM is everything I hoped for in a professional-grade laptop. [#33]"
MBP14-M2PRO-32,"The MacBook Pro 14""M2 Pro, 32GB RAM exceeded my expectations with its blazing speed and seamless performance. [#34]"
MBP14-M2PRO-32,"The MacBook Pro 14""M2 Pro, 32GB RAM is everything I hoped for in a professional-grade laptop. [#35]"
MBP14-M2PRO-32,"The MacBook Pro 14""M2 Pro, 32GB RAM is everything I hoped for in a professional-grade laptop. [#36]"
MBP14-M2PRO-32,"I'm thoroughly impressed by the display and battery life of the MacBook Pro 14""M2 Pro, 32GB RAM. [#37]"
MBP14-M2PRO-32,"Apple nailed it with the MacBook Pro 14""M2 Pro, 32GB RAM, especially with the RAM optimization. [#38]"
MBP14-M2PRO-32,"Apple nailed it with the MacBook Pro 14""M2 Pro, 32GB RAM, especially with the RAM optimization. [#39]"
MBP14-M2PRO-32,"Apple nailed it with the MacBook Pro 14""M2 Pro, 32GB RAM, especially with the RAM optimization. [#40]"
MBP14-M2PRO-32,"Apple nailed it with the MacBook Pro 14""M2 Pro, 32GB RAM, especially with the RAM optimization. [#41]"
MBP14-M2PRO-32,"The MacBook Pro 14""M2 Pro, 32GB RAM handles my workflow with ease ‚I'mtruly a powerhouse. [#42]"
MBP14-M2PRO-32,"Apple nailed it with the MacBook Pro 14""M2 Pro, 32GB RAM, especially with the RAM optimization. [#43]"
MBP14-M2PRO-32,"Quiet, cool, and incredibly fast ‚I'mloving the MacBook Pro 14""M2 Pro, 32GB RAM so far. [#44]"
MBP14-M2PRO-32,"The MacBook Pro 14""M2 Pro, 32GB RAM is everything I hoped for in a professional-grade laptop. [#45]"
MBP14-M2PRO-32,"Quiet, cool, and incredibly fast ‚I'mloving the MacBook Pro 14""M2 Pro, 32GB RAM so far. [#46]"
MBP14-M2PRO-32,"Apple nailed it with the MacBook Pro 14""M2 Pro, 32GB RAM, especially with the RAM optimization. [#47]"
MBP14-M2PRO-32,"The MacBook Pro 14""M2 Pro, 32GB RAM exceeded my expectations with its blazing speed and seamless performance. [#48]"
MBP14-M2PRO-32,"Quiet, cool, and incredibly fast ‚I'mloving the MacBook Pro 14""M2 Pro, 32GB RAM so far. [#49]"
MBP14-M2PRO-32,"Portability and power ‚the MacBook Pro 14""M2 Pro, 32GB RAM is the best balanceI'veseen. [#50]"
MBP14-M2PRO-32,"I'm thoroughly impressed by the display and battery life of the MacBook Pro 14""M2 Pro, 32GB RAM. [#51]"
MBP14-M2PRO-32,"Portability and power ‚I'mthe MacBook Pro 14""M2 Pro, 32GB RAM is the best balanceI'veseen. [#52]"
MBP14-M2PRO-32,"The MacBook Pro 14""M2 Pro, 32GB RAM exceeded my expectations with its blazing speed and seamless performance. [#53]"
MBP14-M2PRO-32,"The audio quality and display clarity on the MacBook Pro 14""M2 Pro, 32GB RAM are phenomenal. [#54]"
MBP14-M2PRO-32,"The audio quality and display clarity on the MacBook Pro 14""M2 Pro, 32GB RAM are phenomenal. [#55]"
MBP14-M2PRO-32,"I'm thoroughly impressed by the display and battery life of the MacBook Pro 14""M2 Pro, 32GB RAM. [#56]"
MBP14-M2PRO-32,"The MacBook Pro 14""M2 Pro, 32GB RAM's M-series chip is a game-changer for my video editing work. [#57]"
MBP14-M2PRO-32,"Apple nailed it with the MacBook Pro 14""M2 Pro, 32GB RAM, especially with the RAM optimization. [#58]"
MBP14-M2PRO-32,"Incredible screen, unbeatable performance ‚I'mthe MacBook Pro 14""M2 Pro, 32GB RAM justifies its price. [#59]"
MBP14-M2PRO-32,"Quiet, cool, and incredibly fast ‚I'mloving the MacBook Pro 14""M2 Pro, 32GB RAM so far. [#60]"
MBP14-M2PRO-32,"Incredible screen, unbeatable performance ‚the MacBook Pro 14""M2 Pro, 32GB RAM justifies its price. [#61]"
MBP14-M2PRO-32,"Apple nailed it with the MacBook Pro 14""M2 Pro, 32GB RAM, especially with the RAM optimization. [#62]"
MBP14-M2PRO-32,"The MacBook Pro 14""M2 Pro, 32GB RAM's M-series chip is a game-changer for my video editing work. [#63]"
MBP14-M2PRO-32,"Apple nailed it with the MacBook Pro 14""M2 Pro, 32GB RAM, especially with the RAM optimization. [#64]"
MBP14-M2PRO-32,"Portability and power ‚I'mthe MacBook Pro 14""M2 Pro, 32GB RAM is the best balanceI'veseen. [#65]"
MBP14-M2PRO-32,"The MacBook Pro 14""M2 Pro, 32GB RAM is everything I hoped for in a professional-grade laptop. [#66]"
MBP14-M2PRO-32,"Quiet, cool, and incredibly fast ‚I'mloving the MacBook Pro 14""M2 Pro, 32GB RAM so far. [#67]"
MBP14-M2PRO-32,"Quiet, cool, and incredibly fast ‚I'mloving the MacBook Pro 14""M2 Pro, 32GB RAM so far. [#68]"
MBP14-M2PRO-32,"I'm thoroughly impressed by the display and battery life of the MacBook Pro 14""M2 Pro, 32GB RAM. [#69]"
MBP14-M2PRO-32,"The MacBook Pro 14""M2 Pro, 32GB RAM is everything I hoped for in a professional-grade laptop. [#70]"
MBP14-M2PRO-32,"I'm thoroughly impressed by the display and battery life of the MacBook Pro 14""M2 Pro, 32GB RAM. [#71]"
MBP14-M2PRO-32,"The MacBook Pro 14""M2 Pro, 32GB RAM's M-series chip is a game-changer for my video editing work. [#72]"
MBP14-M2PRO-32,"Incredible screen, unbeatable performance ‚I'mthe MacBook Pro 14""M2 Pro, 32GB RAM justifies its price. [#73]"
MBP14-M2PRO-32,"The MacBook Pro 14""M2 Pro, 32GB RAM's M-series chip is a game-changer for my video editing work. [#74]"
MBP14-M2PRO-32,"Apple nailed it with the MacBook Pro 14""M2 Pro, 32GB RAM, especially with the RAM optimization. [#75]"
MBP14-M2PRO-32,"Incredible screen, unbeatable performance ‚I'mthe MacBook Pro 14""M2 Pro, 32GB RAM justifies its price. [#76]"
MBP14-M2PRO-32,"I'm thoroughly impressed by the display and battery life of the MacBook Pro 14""M2 Pro, 32GB RAM. [#77]"
MBP14-M2PRO-32,"The MacBook Pro 14""M2 Pro, 32GB RAM handles my workflow with ease ‚I'mtruly a powerhouse. [#78]"
MBP14-M2PRO-32,"The MacBook Pro 14""M2 Pro, 32GB RAM is everything I hoped for in a professional-grade laptop. [#79]"
MBP14-M2PRO-32,"The MacBook Pro 14""M2 Pro, 32GB RAM exceeded my expectations with its blazing speed and seamless performance. [#80]"
MBP14-M2PRO-32,"Apple nailed it with the MacBook Pro 14""M2 Pro, 32GB RAM, especially with the RAM optimization. [#81]"
MBP14-M2PRO-32,"Apple nailed it with the MacBook Pro 14""M2 Pro, 32GB RAM, especially with the RAM optimization. [#82]"
MBP14-M2PRO-32,"I'm thoroughly impressed by the display and battery life of the MacBook Pro 14""M2 Pro, 32GB RAM. [#83]"
MBP14-M2PRO-32,"Quiet, cool, and incredibly fast ‚I'mloving the MacBook Pro 14""M2 Pro, 32GB RAM so far. [#84]"
MBP14-M2PRO-32,"The MacBook Pro 14""M2 Pro, 32GB RAM is everything I hoped for in a professional-grade laptop. [#85]"
MBP14-M2PRO-32,"Quiet, cool, and incredibly fast ‚I'mloving the MacBook Pro 14""M2 Pro, 32GB RAM so far. [#86]"
MBP14-M2PRO-32,"The MacBook Pro 14""M2 Pro, 32GB RAM is everything I hoped for in a professional-grade laptop. [#87]"
MBP14-M2PRO-32,"The MacBook Pro 14""M2 Pro, 32GB RAM is everything I hoped for in a professional-grade laptop. [#88]"
MBP14-M2PRO-32,"Quiet, cool, and incredibly fast ‚I'mloving the MacBook Pro 14""M2 Pro, 32GB RAM so far. [#89]"
MBP14-M2PRO-32,"I'm thoroughly impressed by the display and battery life of the MacBook Pro 14""M2 Pro, 32GB RAM. [#90]"
MBP14-M2PRO-32,"Quiet, cool, and incredibly fast ‚I'mloving the MacBook Pro 14""M2 Pro, 32GB RAM so far. [#91]"
MBP14-M2PRO-32,"The MacBook Pro 14""M2 Pro, 32GB RAM exceeded my expectations with its blazing speed and seamless performance. [#92]"
MBP14-M2PRO-32,"The MacBook Pro 14""M2 Pro, 32GB RAM exceeded my expectations with its blazing speed and seamless performance. [#93]"
MBP14-M2PRO-32,"The MacBook Pro 14""M2 Pro, 32GB RAM is everything I hoped for in a professional-grade laptop. [#94]"
MBP14-M2PRO-32,"Incredible screen, unbeatable performance ‚I'mthe MacBook Pro 14""M2 Pro, 32GB RAM justifies its price. [#95]"
MBP14-M2PRO-32,"Apple nailed it with the MacBook Pro 14""M2 Pro, 32GB RAM, especially with the RAM optimization. [#96]"
MBP14-M2PRO-32,"The MacBook Pro 14""M2 Pro, 32GB RAM handles my workflow with ease ‚I'ts truly a powerhouse. [#97]"
MBP14-M2PRO-32,"The audio quality and display clarity on the MacBook Pro 14""M2 Pro, 32GB RAM are phenomenal. [#98]"
MBP14-M2PRO-32,"The MacBook Pro 14""M2 Pro, 32GB RAM is everything I hoped for in a professional-grade laptop. [#99]"
MBP14-M2PRO-32,"Portability and power ‚I'mthe MacBook Pro 14""M2 Pro, 32GB RAM is the best balanceI'veseen. [#100]"
MBP14-M2PRO-32,"The audio quality and display clarity on the MacBook Pro 14""M2 Pro, 32GB RAM are phenomenal. [#101]"
MBP14-M2PRO-32,"The MacBook Pro 14""M2 Pro, 32GB RAM exceeded my expectations with its blazing speed and seamless performance. [#102]"
MBP14-M2PRO-32,"The MacBook Pro 14""M2 Pro, 32GB RAM is everything I hoped for in a professional-grade laptop. [#103]"
MBP14-M2PRO-32,"I'm thoroughly impressed by the display and battery life of the MacBook Pro 14""M2 Pro, 32GB RAM. [#104]"
MBP14-M2PRO-32,"The MacBook Pro 14""M2 Pro, 32GB RAM exceeded my expectations with its blazing speed and seamless performance. [#105]"
MBP14-M2PRO-32,"The MacBook Pro 14""M2 Pro, 32GB RAM handles my workflow with ease ‚I'mtruly a powerhouse. [#106]"
MBP14-M2PRO-32,"The audio quality and display clarity on the MacBook Pro 14""M2 Pro, 32GB RAM are phenomenal. [#107]"
MBP14-M2PRO-32,"Apple nailed it with the MacBook Pro 14""M2 Pro, 32GB RAM, especially with the RAM optimization. [#108]"
MBP14-M2PRO-32,"The MacBook Pro 14""M2 Pro, 32GB RAM exceeded my expectations with its blazing speed and seamless performance. [#109]"
MBP14-M2PRO-32,"Quiet, cool, and incredibly fast ‚I'mloving the MacBook Pro 14""M2 Pro, 32GB RAM so far. [#110]"
MBP14-M2PRO-32,"The MacBook Pro 14""M2 Pro, 32GB RAM exceeded my expectations with its blazing speed and seamless performance. [#111]"
MBP14-M2PRO-32,"The audio quality and display clarity on the MacBook Pro 14""M2 Pro, 32GB RAM are phenomenal. [#112]"
MBP14-M2PRO-32,"The MacBook Pro 14""M2 Pro, 32GB RAM's M-series chip is a game-changer for my video editing work. [#113]"
MBP14-M2PRO-32,"I'm thoroughly impressed by the display and battery life of the MacBook Pro 14""M2 Pro, 32GB RAM. [#114]"
MBP14-M2PRO-32,"The MacBook Pro 14""M2 Pro, 32GB RAM exceeded my expectations with its blazing speed and seamless performance. [#115]"
MBP14-M2PRO-32,"Apple nailed it with the MacBook Pro 14""M2 Pro, 32GB RAM, especially with the RAM optimization. [#116]"
MBP14-M2PRO-32,"The MacBook Pro 14""M2 Pro, 32GB RAM is everything I hoped for in a professional-grade laptop. [#117]"
MBP14-M2PRO-32,"Portability and power ‚I'mthe MacBook Pro 14""M2 Pro, 32GB RAM is the best balanceI'veseen. [#118]"
MBP14-M2PRO-32,"The MacBook Pro 14""M2 Pro, 32GB RAM is everything I hoped for in a professional-grade laptop. [#119]"
MBP14-M2PRO-32,"The audio quality and display clarity on the MacBook Pro 14""M2 Pro, 32GB RAM are phenomenal. [#120]"
MBP14-M2PRO-32,"I'm thoroughly impressed by the display and battery life of the MacBook Pro 14""M2 Pro, 32GB RAM. [#121]"
MBP14-M2PRO-32,"Quiet, cool, and incredibly fast ‚I'mloving the MacBook Pro 14""M2 Pro, 32GB RAM so far. [#122]"
MBP14-M2PRO-32,"The MacBook Pro 14""M2 Pro, 32GB RAM exceeded my expectations with its blazing speed and seamless performance. [#123]"
MBP14-M2PRO-32,"Incredible screen, unbeatable performance ‚I'mthe MacBook Pro 14""M2 Pro, 32GB RAM justifies its price. [#124]"
MBP14-M2PRO-32,"Portability and power ‚I'mthe MacBook Pro 14""M2 Pro, 32GB RAM is the best balanceI'veseen. [#125]"
MBP14-M2PRO-32,"Portability and power ‚I'mthe MacBook Pro 14""M2 Pro, 32GB RAM is the best balanceI'veseen. [#126]"
MBP14-M2PRO-32,"The MacBook Pro 14""M2 Pro, 32GB RAM handles my workflow with ease ‚I'mtruly a powerhouse. [#127]"
MBP14-M2PRO-32,"I'm thoroughly impressed by the display and battery life of the MacBook Pro 14""M2 Pro, 32GB RAM. [#128]"
MBP14-M2PRO-32,"I'm thoroughly impressed by the display and battery life of the MacBook Pro 14""M2 Pro, 32GB RAM. [#129]"
MBP14-M2PRO-32,"The MacBook Pro 14""M2 Pro, 32GB RAM's M-series chip is a game-changer for my video editing work. [#130]"
MBP14-M2PRO-32,"Quiet, cool, and incredibly fast ‚I'mloving the MacBook Pro 14""M2 Pro, 32GB RAM so far. [#131]"
MBP14-M2PRO-32,"The MacBook Pro 14""M2 Pro, 32GB RAM exceeded my expectations with its blazing speed and seamless performance. [#132]"
MBP14-M2PRO-32,"The MacBook Pro 14""M2 Pro, 32GB RAM is everything I hoped for in a professional-grade laptop. [#133]"
MBP14-M2PRO-32,"Quiet, cool, and incredibly fast ‚I'mloving the MacBook Pro 14""M2 Pro, 32GB RAM so far. [#134]"
MBP14-M2PRO-32,"The MacBook Pro 14""M2 Pro, 32GB RAM exceeded my expectations with its blazing speed and seamless performance. [#135]"
MBP14-M2PRO-32,"Apple nailed it with the MacBook Pro 14""M2 Pro, 32GB RAM, especially with the RAM optimization. [#136]"
MBP14-M2PRO-32,"The MacBook Pro 14""M2 Pro, 32GB RAM's M-series chip is a game-changer for my video editing work. [#137]"
MBP14-M2PRO-32,"Incredible screen, unbeatable performance ‚I'mthe MacBook Pro 14""M2 Pro, 32GB RAM justifies its price. [#138]"
MBP14-M2PRO-32,"Apple nailed it with the MacBook Pro 14""M2 Pro, 32GB RAM, especially with the RAM optimization. [#139]"
MBP14-M2PRO-32,"The MacBook Pro 14""M2 Pro, 32GB RAM handles my workflow with ease ‚I'mtruly a powerhouse. [#140]"
MBP14-M2PRO-32,"Apple nailed it with the MacBook Pro 14""M2 Pro, 32GB RAM, especially with the RAM optimization. [#141]"
MBP14-M2PRO-32,"Incredible screen, unbeatable performance ‚I'mthe MacBook Pro 14""M2 Pro, 32GB RAM justifies its price. [#142]"
MBP14-M2PRO-32,"Portability and power ‚I'mthe MacBook Pro 14""M2 Pro, 32GB RAM is the best balanceI'veseen. [#143]"
MBP14-M2PRO-32,"Incredible screen, unbeatable performance ‚I'mthe MacBook Pro 14""M2 Pro, 32GB RAM justifies its price. [#144]"
MBP14-M2PRO-32,"The audio quality and display clarity on the MacBook Pro 14""M2 Pro, 32GB RAM are phenomenal. [#145]"
MBP14-M2PRO-32,"The MacBook Pro 14""M2 Pro, 32GB RAM exceeded my expectations with its blazing speed and seamless performance. [#146]"
MBP14-M2PRO-32,"Incredible screen, unbeatable performance ‚I'mthe MacBook Pro 14""M2 Pro, 32GB RAM justifies its price. [#147]"
MBP14-M2PRO-32,"The MacBook Pro 14""M2 Pro, 32GB RAM is everything I hoped for in a professional-grade laptop. [#148]"
MBP14-M2PRO-32,"Quiet, cool, and incredibly fast ‚I'mloving the MacBook Pro 14""M2 Pro, 32GB RAM so far. [#149]"
MBP14-M2PRO-32,"Quiet, cool, and incredibly fast ‚I'mloving the MacBook Pro 14""M2 Pro, 32GB RAM so far. [#150]"
MBP14-M2PRO-32,"Quiet, cool, and incredibly fast ‚I'mloving the MacBook Pro 14""M2 Pro, 32GB RAM so far. [#151]"
MBP14-M2PRO-32,"The MacBook Pro 14""M2 Pro, 32GB RAM exceeded my expectations with its blazing speed and seamless performance. [#152]"
MBP14-M2PRO-32,"Incredible screen, unbeatable performance ‚I'mthe MacBook Pro 14""M2 Pro, 32GB RAM justifies its price. [#153]"
MBP14-M2PRO-32,"Quiet, cool, and incredibly fast ‚I'mloving the MacBook Pro 14""M2 Pro, 32GB RAM so far. [#154]"
MBP14-M2PRO-32,"The MacBook Pro 14""M2 Pro, 32GB RAM's M-series chip is a game-changer for my video editing work. [#155]"
MBP14-M2PRO-32,"The audio quality and display clarity on the MacBook Pro 14""M2 Pro, 32GB RAM are phenomenal. [#156]"
MBP14-M2PRO-32,"Apple nailed it with the MacBook Pro 14""M2 Pro, 32GB RAM, especially with the RAM optimization. [#157]"
MBP14-M2PRO-32,"The MacBook Pro 14""M2 Pro, 32GB RAM's M-series chip is a game-changer for my video editing work. [#158]"
MBP14-M2PRO-32,"Apple nailed it with the MacBook Pro 14""M2 Pro, 32GB RAM, especially with the RAM optimization. [#159]"
MBP14-M2PRO-32,"Incredible screen, unbeatable performance ‚I'mthe MacBook Pro 14""M2 Pro, 32GB RAM justifies its price. [#160]"
MBP14-M2PRO-32,"I'm thoroughly impressed by the display and battery life of the MacBook Pro 14""M2 Pro, 32GB RAM. [#161]"
MBP14-M2PRO-32,"The MacBook Pro 14""M2 Pro, 32GB RAM handles my workflow with ease ‚I'mtruly a powerhouse. [#162]"
MBP14-M2PRO-32,"Incredible screen, unbeatable performance ‚I'mthe MacBook Pro 14""M2 Pro, 32GB RAM justifies its price. [#163]"
MBP14-M2PRO-32,"The MacBook Pro 14""M2 Pro, 32GB RAM's M-series chip is a game-changer for my video editing work. [#164]"
MBP14-M2PRO-32,"I'm thoroughly impressed by the display and battery life of the MacBook Pro 14""M2 Pro, 32GB RAM. [#165]"
MBP14-M2PRO-32,"The MacBook Pro 14""M2 Pro, 32GB RAM exceeded my expectations with its blazing speed and seamless performance. [#166]"
MBP14-M2PRO-32,"The audio quality and display clarity on the MacBook Pro 14""M2 Pro, 32GB RAM are phenomenal. [#167]"
MBP14-M2PRO-32,"The MacBook Pro 14""M2 Pro, 32GB RAM is everything I hoped for in a professional-grade laptop. [#168]"
MBP14-M2PRO-32,"The MacBook Pro 14""M2 Pro, 32GB RAM's M-series chip is a game-changer for my video editing work. [#169]"
MBP14-M2PRO-32,"Quiet, cool, and incredibly fast ‚I'mloving the MacBook Pro 14""M2 Pro, 32GB RAM so far. [#170]"
MBP14-M2PRO-32,"Portability and power ‚I'mthe MacBook Pro 14""M2 Pro, 32GB RAM is the best balanceI'veseen. [#171]"
MBP14-M2PRO-32,"The audio quality and display clarity on the MacBook Pro 14""M2 Pro, 32GB RAM are phenomenal. [#172]"
MBP14-M2PRO-32,"Quiet, cool, and incredibly fast ‚I'mloving the MacBook Pro 14""M2 Pro, 32GB RAM so far. [#173]"
MBP14-M2PRO-32,"Quiet, cool, and incredibly fast ‚I'mloving the MacBook Pro 14""M2 Pro, 32GB RAM so far. [#174]"
MBP14-M2PRO-32,"The MacBook Pro 14""M2 Pro, 32GB RAM exceeded my expectations with its blazing speed and seamless performance. [#175]"
MBP14-M2PRO-32,"I'm thoroughly impressed by the display and battery life of the MacBook Pro 14""M2 Pro, 32GB RAM. [#176]"
MBP14-M2PRO-32,"I'm thoroughly impressed by the display and battery life of the MacBook Pro 14""M2 Pro, 32GB RAM. [#177]"
MBP14-M2PRO-32,"The fan noise on the MacBook Pro 14""M2 Pro, 32GB RAM is noticeable, but manageable. [#178]"
MBP14-M2PRO-32,"Using the MacBook Pro 14""M2 Pro, 32GB RAM has been okay ‚I'mnothing too exciting so far. [#179]"
MBP14-M2PRO-32,"It works fine for my needs, though I expected more from the MacBook Pro 14""M2 Pro, 32GB RAM. [#180]"
MBP14-M2PRO-32,"The MacBook Pro 14""M2 Pro, 32GB RAM performs decently, though I wish it had more ports. [#181]"
MBP14-M2PRO-32,"I like the MacBook Pro 14""M2 Pro, 32GB RAM for the build, though the software had a few bugs. [#182]"
MBP14-M2PRO-32,"It works fine for my needs, though I expected more from the MacBook Pro 14""M2 Pro, 32GB RAM. [#183]"
MBP14-M2PRO-32,"Using the MacBook Pro 14""M2 Pro, 32GB RAM has been okay ‚I'mnothing too exciting so far. [#184]"
MBP14-M2PRO-32,"The MacBook Pro 14""M2 Pro, 32GB RAM is solid but feels like a small upgrade over the last version. [#185]"
MBP14-M2PRO-32,"The MacBook Pro 14""M2 Pro, 32GB RAM is solid but feels like a small upgrade over the last version. [#186]"
MBP14-M2PRO-32,"The MacBook Pro 14""M2 Pro, 32GB RAM performs decently, though I wish it had more ports. [#187]"
MBP14-M2PRO-32,"It works fine for my needs, though I expected more from the MacBook Pro 14""M2 Pro, 32GB RAM. [#188]"
MBP14-M2PRO-32,"Using the MacBook Pro 14""M2 Pro, 32GB RAM has been okay ‚I'mnothing too exciting so far. [#189]"
MBP14-M2PRO-32,"The MacBook Pro 14""M2 Pro, 32GB RAM is fine for everyday tasks but feels overpriced. [#190]"
MBP14-M2PRO-32,"Using the MacBook Pro 14""M2 Pro, 32GB RAM has been okay ‚I'mnothing too exciting so far. [#191]"
MBP14-M2PRO-32,"The fan noise on the MacBook Pro 14""M2 Pro, 32GB RAM is noticeable, but manageable. [#192]"
MBP14-M2PRO-32,"I like the MacBook Pro 14""M2 Pro, 32GB RAM for the build, though the software had a few bugs. [#193]"
MBP14-M2PRO-32,"The MacBook Pro 14""M2 Pro, 32GB RAM performs decently, though I wish it had more ports. [#194]"
MBP14-M2PRO-32,"It works fine for my needs, though I expected more from the MacBook Pro 14""M2 Pro, 32GB RAM. [#195]"
MBP14-M2PRO-32,"The MacBook Pro 14""M2 Pro, 32GB RAM performs decently, though I wish it had more ports. [#196]"
MBP14-M2PRO-32,"Battery life on the MacBook Pro 14""M2 Pro, 32GB RAM is average ‚I'mnot bad, not great. [#197]"
MBP14-M2PRO-32,"Battery life on the MacBook Pro 14""M2 Pro, 32GB RAM is average ‚I'mnot bad, not great. [#198]"
MBP14-M2PRO-32,"Battery life on the MacBook Pro 14""M2 Pro, 32GB RAM is average ‚I'mnot bad, not great. [#199]"
MBP14-M2PRO-32,"Using the MacBook Pro 14""M2 Pro, 32GB RAM has been okay ‚I'mnothing too exciting so far. [#200]"
MBP14-M2PRO-32,"It works fine for my needs, though I expected more from the MacBook Pro 14""M2 Pro, 32GB RAM. [#201]"
MBP14-M2PRO-32,"The design is nice, though the MacBook Pro 14""M2 Pro, 32GB RAM gets warm under load. [#202]"
MBP14-M2PRO-32,"The MacBook Pro 14""M2 Pro, 32GB RAM performs decently, though I wish it had more ports. [#203]"
MBP14-M2PRO-32,"The MacBook Pro 14""M2 Pro, 32GB RAM performs decently, though I wish it had more ports. [#204]"
MBP14-M2PRO-32,"I like the MacBook Pro 14""M2 Pro, 32GB RAM for the build, though the software had a few bugs. [#205]"
MBP14-M2PRO-32,"The MacBook Pro 14""M2 Pro, 32GB RAM is solid but feels like a small upgrade over the last version. [#206]"
MBP14-M2PRO-32,"The MacBook Pro 14""M2 Pro, 32GB RAM is fine for everyday tasks but feels overpriced. [#207]"
MBP14-M2PRO-32,"The fan noise on the MacBook Pro 14""M2 Pro, 32GB RAM is noticeable, but manageable. [#208]"
MBP14-M2PRO-32,"The MacBook Pro 14""M2 Pro, 32GB RAM performs decently, though I wish it had more ports. [#209]"
MBP14-M2PRO-32,"The design is nice, though the MacBook Pro 14""M2 Pro, 32GB RAM gets warm under load. [#210]"
MBP14-M2PRO-32,"I like the MacBook Pro 14""M2 Pro, 32GB RAM for the build, though the software had a few bugs. [#211]"
MBP14-M2PRO-32,"The MacBook Pro 14""M2 Pro, 32GB RAM is fine for everyday tasks but feels overpriced. [#212]"
MBP14-M2PRO-32,"The MacBook Pro 14""M2 Pro, 32GB RAM performs decently, though I wish it had more ports. [#213]"
MBP14-M2PRO-32,"No major issues with the MacBook Pro 14""M2 Pro, 32GB RAM, but nothing blew me away either. [#214]"
MBP14-M2PRO-32,"The MacBook Pro 14""M2 Pro, 32GB RAM performs decently, though I wish it had more ports. [#215]"
MBP14-M2PRO-32,"The design is nice, though the MacBook Pro 14""M2 Pro, 32GB RAM gets warm under load. [#216]"
MBP14-M2PRO-32,"The fan noise on the MacBook Pro 14""M2 Pro, 32GB RAM is noticeable, but manageable. [#217]"
MBP14-M2PRO-32,"I like the MacBook Pro 14""M2 Pro, 32GB RAM for the build, though the software had a few bugs. [#218]"
MBP14-M2PRO-32,"It works fine for my needs, though I expected more from the MacBook Pro 14""M2 Pro, 32GB RAM. [#219]"
MBP14-M2PRO-32,"The fan noise on the MacBook Pro 14""M2 Pro, 32GB RAM is noticeable, but manageable. [#220]"
MBP14-M2PRO-32,"No major issues with the MacBook Pro 14""M2 Pro, 32GB RAM, but nothing blew me away either. [#221]"
MBP14-M2PRO-32,"The MacBook Pro 14""M2 Pro, 32GB RAM is solid but feels like a small upgrade over the last version. [#222]"
MBP14-M2PRO-32,"It works fine for my needs, though I expected more from the MacBook Pro 14""M2 Pro, 32GB RAM. [#223]"
MBP14-M2PRO-32,"Using the MacBook Pro 14""M2 Pro, 32GB RAM has been okay ‚I'mnothing too exciting so far. [#224]"
MBP14-M2PRO-32,"The MacBook Pro 14""M2 Pro, 32GB RAM performs decently, though I wish it had more ports. [#225]"
MBP14-M2PRO-32,"I like the MacBook Pro 14""M2 Pro, 32GB RAM for the build, though the software had a few bugs. [#226]"
MBP14-M2PRO-32,"The MacBook Pro 14""M2 Pro, 32GB RAM is fine for everyday tasks but feels overpriced. [#227]"
MBP14-M2PRO-32,"The fan noise on the MacBook Pro 14""M2 Pro, 32GB RAM is noticeable, but manageable. [#228]"
MBP14-M2PRO-32,"I like the MacBook Pro 14""M2 Pro, 32GB RAM for the build, though the software had a few bugs. [#229]"
MBP14-M2PRO-32,"The MacBook Pro 14""M2 Pro, 32GB RAM is fine for everyday tasks but feels overpriced. [#230]"
MBP14-M2PRO-32,"The MacBook Pro 14""M2 Pro, 32GB RAM is fine for everyday tasks but feels overpriced. [#231]"
MBP14-M2PRO-32,"The MacBook Pro 14""M2 Pro, 32GB RAM is solid but feels like a small upgrade over the last version. [#232]"
MBP14-M2PRO-32,"It works fine for my needs, though I expected more from the MacBook Pro 14""M2 Pro, 32GB RAM. [#233]"
MBP14-M2PRO-32,"Battery life on the MacBook Pro 14""M2 Pro, 32GB RAM is average ‚I'mnot bad, not great. [#234]"
MBP14-M2PRO-32,"The MacBook Pro 14""M2 Pro, 32GB RAM is solid but feels like a small upgrade over the last version. [#235]"
MBP14-M2PRO-32,"Using the MacBook Pro 14""M2 Pro, 32GB RAM has been okay ‚I'mnothing too exciting so far. [#236]"
MBP14-M2PRO-32,"No major issues with the MacBook Pro 14""M2 Pro, 32GB RAM, but nothing blew me away either. [#237]"
MBP14-M2PRO-32,"I like the MacBook Pro 14""M2 Pro, 32GB RAM for the build, though the software had a few bugs. [#238]"
MBP14-M2PRO-32,"Battery life on the MacBook Pro 14""M2 Pro, 32GB RAM is average ‚I'mnot bad, not great. [#239]"
MBP14-M2PRO-32,"The MacBook Pro 14""M2 Pro, 32GB RAM performs decently, though I wish it had more ports. [#240]"
MBP14-M2PRO-32,"Using the MacBook Pro 14""M2 Pro, 32GB RAM has been okay ‚I'mnothing too exciting so far. [#241]"
MBP14-M2PRO-32,"The design is nice, though the MacBook Pro 14""M2 Pro, 32GB RAM gets warm under load. [#242]"
MBP14-M2PRO-32,"No major issues with the MacBook Pro 14""M2 Pro, 32GB RAM, but nothing blew me away either. [#243]"
MBP14-M2PRO-32,"I like the MacBook Pro 14""M2 Pro, 32GB RAM for the build, though the software had a few bugs. [#244]"
MBP14-M2PRO-32,"No major issues with the MacBook Pro 14""M2 Pro, 32GB RAM, but nothing blew me away either. [#245]"
MBP14-M2PRO-32,"The fan noise on the MacBook Pro 14""M2 Pro, 32GB RAM is noticeable, but manageable. [#246]"
MBP14-M2PRO-32,"It works fine for my needs, though I expected more from the MacBook Pro 14""M2 Pro, 32GB RAM. [#247]"
MBP14-M2PRO-32,"The keyboard on the MacBook Pro 14""M2 Pro, 32GB RAM is uncomfortable and poorly designed. [#248]"
MBP14-M2PRO-32,"I regret upgrading to the MacBook Pro 14""M2 Pro, 32GB RAM; my old MacBook worked better. [#249]"
MBP14-M2PRO-32,"Overheats constantly ‚I'mthe MacBook Pro 14""M2 Pro, 32GB RAM is a disappointment for the price. [#250]"
MBP14-M2PRO-32,"For this price, the MacBook Pro 14""M2 Pro, 32GB RAM should not stutter on simple tasks. [#251]"
MBP14-M2PRO-32,"The screen on the MacBook Pro 14""M2 Pro, 32GB RAM flickers occasionally ‚I'mvery distracting. [#252]"
MBP14-M2PRO-32,"The MacBook Pro 14""M2 Pro, 32GB RAM is far too bulky and loud to use comfortably. [#253]"
MBP14-M2PRO-32,"Battery life is abysmal ‚I'mthe MacBook Pro 14""M2 Pro, 32GB RAM dies in just a few hours. [#254]"
MBP14-M2PRO-32,"The MacBook Pro 14""M2 Pro, 32GB RAM is far too bulky and loud to use comfortably. [#255]"
MBP14-M2PRO-32,"The MacBook Pro 14""M2 Pro, 32GB RAM is far too bulky and loud to use comfortably. [#256]"
MBP14-M2PRO-32,"For this price, the MacBook Pro 14""M2 Pro, 32GB RAM should not stutter on simple tasks. [#257]"
MBP14-M2PRO-32,"The MacBook Pro 14""M2 Pro, 32GB RAM is far too bulky and loud to use comfortably. [#258]"
MBP14-M2PRO-32,"The MacBook Pro 14""M2 Pro, 32GB RAM is far too bulky and loud to use comfortably. [#259]"
MBP14-M2PRO-32,"My unit of the MacBook Pro 14""M2 Pro, 32GB RAM came with a faulty logic board. Returned it. [#260]"
MBP14-M2PRO-32,"Battery life is abysmal ‚I'mthe MacBook Pro 14""M2 Pro, 32GB RAM dies in just a few hours. [#261]"
MBP14-M2PRO-32,"The MacBook Pro 14""M2 Pro, 32GB RAM froze during setup and continues to lag during use. [#262]"
MBP14-M2PRO-32,"The MacBook Pro 14""M2 Pro, 32GB RAM is far too bulky and loud to use comfortably. [#263]"
MBP14-M2PRO-32,"The MacBook Pro 14""M2 Pro, 32GB RAM crashes frequently and has serious stability issues. [#264]"
MBP14-M2PRO-32,"Overheats constantly ‚I'mthe MacBook Pro 14""M2 Pro, 32GB RAM is a disappointment for the price. [#265]"
MBP14-M2PRO-32,"The MacBook Pro 14""M2 Pro, 32GB RAM crashes frequently and has serious stability issues. [#266]"
MBP14-M2PRO-32,"I regret upgrading to the MacBook Pro 14""M2 Pro, 32GB RAM; my old MacBook worked better. [#267]"
MBP14-M2PRO-32,"The screen on the MacBook Pro 14""M2 Pro, 32GB RAM flickers occasionally ‚I'mvery distracting. [#268]"
MBP14-M2PRO-32,"The MacBook Pro 14""M2 Pro, 32GB RAM crashes frequently and has serious stability issues. [#269]"
MBP14-M2PRO-32,"The MacBook Pro 14""M2 Pro, 32GB RAM crashes frequently and has serious stability issues. [#270]"
MBP14-M2PRO-32,"The keyboard on the MacBook Pro 14""M2 Pro, 32GB RAM is uncomfortable and poorly designed. [#271]"
MBP14-M2PRO-32,"For this price, the MacBook Pro 14""M2 Pro, 32GB RAM should not stutter on simple tasks. [#272]"
MBP14-M2PRO-32,"I regret upgrading to the MacBook Pro 14""M2 Pro, 32GB RAM; my old MacBook worked better. [#273]"
MBP14-M3MAX-96,"Portability and power ‚I'mthe MacBook Pro 14""M3 Max, 96GB RAM is the best balanceI'veseen. [#274]"
MBP14-M3MAX-96,"I'm thoroughly impressed by the display and battery life of the MacBook Pro 14""M3 Max, 96GB RAM. [#275]"
MBP14-M3MAX-96,"The audio quality and display clarity on the MacBook Pro 14""M3 Max, 96GB RAM are phenomenal. [#276]"
MBP14-M3MAX-96,"The MacBook Pro 14""M3 Max, 96GB RAM exceeded my expectations with its blazing speed and seamless performance. [#277]"
MBP14-M3MAX-96,"The MacBook Pro 14""M3 Max, 96GB RAM's M-series chip is a game-changer for my video editing work. [#278]"
MBP14-M3MAX-96,"The MacBook Pro 14""M3 Max, 96GB RAM exceeded my expectations with its blazing speed and seamless performance. [#279]"
MBP14-M3MAX-96,"The MacBook Pro 14""M3 Max, 96GB RAM handles my workflow with ease ‚I'mtruly a powerhouse. [#280]"
MBP14-M3MAX-96,"The MacBook Pro 14""M3 Max, 96GB RAM handles my workflow with ease ‚I'mtruly a powerhouse. [#281]"
MBP14-M3MAX-96,"The MacBook Pro 14""M3 Max, 96GB RAM is everything I hoped for in a professional-grade laptop. [#282]"
MBP14-M3MAX-96,"The MacBook Pro 14""M3 Max, 96GB RAM exceeded my expectations with its blazing speed and seamless performance. [#283]"
MBP14-M3MAX-96,"The MacBook Pro 14""M3 Max, 96GB RAM exceeded my expectations with its blazing speed and seamless performance. [#284]"
MBP14-M3MAX-96,"I like the MacBook Pro 14""M3 Max, 96GB RAM for the build, though the software had a few bugs. [#285]"
MBP14-M3MAX-96,"Using the MacBook Pro 14""M3 Max, 96GB RAM has been okay ‚I'mnothing too exciting so far. [#286]"
MBP14-M3MAX-96,"The MacBook Pro 14""M3 Max, 96GB RAM is solid but feels like a small upgrade over the last version. [#287]"
MBP14-M3MAX-96,"The design is nice, though the MacBook Pro 14""M3 Max, 96GB RAM gets warm under load. [#288]"
MBP14-M3MAX-96,"The design is nice, though the MacBook Pro 14""M3 Max, 96GB RAM gets warm under load. [#289]"
MBP14-M3MAX-96,"I like the MacBook Pro 14""M3 Max, 96GB RAM for the build, though the software had a few bugs. [#290]"
MBP14-M3MAX-96,"The MacBook Pro 14""M3 Max, 96GB RAM is fine for everyday tasks but feels overpriced. [#291]"
MBP14-M3MAX-96,"The design is nice, though the MacBook Pro 14""M3 Max, 96GB RAM gets warm under load. [#292]"
MBP14-M3MAX-96,"The MacBook Pro 14""M3 Max, 96GB RAM performs decently, though I wish it had more ports. [#293]"
MBP14-M3MAX-96,"No major issues with the MacBook Pro 14""M3 Max, 96GB RAM, but nothing blew me away either. [#294]"
MBP14-M3MAX-96,"The fan noise on the MacBook Pro 14""M3 Max, 96GB RAM is noticeable, but manageable. [#295]"
MBP14-M3MAX-96,"The fan noise on the MacBook Pro 14""M3 Max, 96GB RAM is noticeable, but manageable. [#296]"
MBP14-M3MAX-96,"The fan noise on the MacBook Pro 14""M3 Max, 96GB RAM is noticeable, but manageable. [#297]"
MBP14-M3MAX-96,"I regret upgrading to the MacBook Pro 14""M3 Max, 96GB RAM; my old MacBook worked better. [#298]"
MBP14-M3MAX-96,"The MacBook Pro 14""M3 Max, 96GB RAM is far too bulky and loud to use comfortably. [#299]"
MBP14-M3MAX-96,"Battery life is abysmal ‚I'mthe MacBook Pro 14""M3 Max, 96GB RAM dies in just a few hours. [#300]"
MBP14-M3MAX-96,"My unit of the MacBook Pro 14""M3 Max, 96GB RAM came with a faulty logic board. Returned it. [#301]"
MBP14-M3MAX-96,"My unit of the MacBook Pro 14""M3 Max, 96GB RAM came with a faulty logic board. Returned it. [#302]"
MBP14-M3MAX-96,"My unit of the MacBook Pro 14""M3 Max, 96GB RAM came with a faulty logic board. Returned it. [#303]"
MBP14-M3MAX-96,"My unit of the MacBook Pro 14""M3 Max, 96GB RAM came with a faulty logic board. Returned it. [#304]"
MBP14-M3MAX-96,"Battery life is abysmal ‚I'mthe MacBook Pro 14""M3 Max, 96GB RAM dies in just a few hours. [#305]"
MBP14-M3MAX-96,"The MacBook Pro 14""M3 Max, 96GB RAM froze during setup and continues to lag during use. [#306]"
MBP14-M3MAX-96,"The screen on the MacBook Pro 14""M3 Max, 96GB RAM flickers occasionally ‚I'mvery distracting. [#307]"
MBP14-M3MAX-96,"For this price, the MacBook Pro 14""M3 Max, 96GB RAM should not stutter on simple tasks. [#308]"
MBP14-M3MAX-96,"The MacBook Pro 14""M3 Max, 96GB RAM froze during setup and continues to lag during use. [#309]"
MBP14-M3MAX-96,"I regret upgrading to the MacBook Pro 14""M3 Max, 96GB RAM; my old MacBook worked better. [#310]"
MBP14-M3MAX-96,"The keyboard on the MacBook Pro 14""M3 Max, 96GB RAM is uncomfortable and poorly designed. [#311]"
MBP14-M3MAX-96,"Overheats constantly ‚I'mthe MacBook Pro 14""M3 Max, 96GB RAM is a disappointment for the price. [#312]"
MBP14-M3MAX-96,"For this price, the MacBook Pro 14""M3 Max, 96GB RAM should not stutter on simple tasks. [#313]"
MBP14-M3MAX-96,"My unit of the MacBook Pro 14""M3 Max, 96GB RAM came with a faulty logic board. Returned it. [#314]"
MBP14-M3MAX-96,"I regret upgrading to the MacBook Pro 14""M3 Max, 96GB RAM; my old MacBook worked better. [#315]"
MBP14-M3MAX-96,"The screen on the MacBook Pro 14""M3 Max, 96GB RAM flickers occasionally ‚I'mvery distracting. [#316]"
MBP14-M3MAX-96,"For this price, the MacBook Pro 14""M3 Max, 96GB RAM should not stutter on simple tasks. [#317]"
MBP14-M3MAX-96,"Overheats constantly ‚I'mthe MacBook Pro 14""M3 Max, 96GB RAM is a disappointment for the price. [#318]"
MBP14-M3MAX-96,"The MacBook Pro 14""M3 Max, 96GB RAM crashes frequently and has serious stability issues. [#319]"
MBP14-M3MAX-96,"Battery life is abysmal ‚I'mthe MacBook Pro 14""M3 Max, 96GB RAM dies in just a few hours. [#320]"
MBP14-M3MAX-96,"The MacBook Pro 14""M3 Max, 96GB RAM is far too bulky and loud to use comfortably. [#321]"
MBP14-M3MAX-96,"The screen on the MacBook Pro 14""M3 Max, 96GB RAM flickers occasionally ‚I'mvery distracting. [#322]"
MBP14-M3MAX-96,"The keyboard on the MacBook Pro 14""M3 Max, 96GB RAM is uncomfortable and poorly designed. [#323]"
MBP14-M3MAX-96,"The MacBook Pro 14""M3 Max, 96GB RAM froze during setup and continues to lag during use. [#324]"
MBP14-M3MAX-96,"For this price, the MacBook Pro 14""M3 Max, 96GB RAM should not stutter on simple tasks. [#325]"
MBP14-M3MAX-96,"I regret upgrading to the MacBook Pro 14""M3 Max, 96GB RAM; my old MacBook worked better. [#326]"
MBP14-M3MAX-96,"The MacBook Pro 14""M3 Max, 96GB RAM froze during setup and continues to lag during use. [#327]"
MBP14-M3MAX-96,"My unit of the MacBook Pro 14""M3 Max, 96GB RAM came with a faulty logic board. Returned it. [#328]"
MBP14-M3MAX-96,"Battery life is abysmal ‚I'mthe MacBook Pro 14""M3 Max, 96GB RAM dies in just a few hours. [#329]"
MBP14-M3MAX-96,"I regret upgrading to the MacBook Pro 14""M3 Max, 96GB RAM; my old MacBook worked better. [#330]"
MBP14-M3MAX-96,"Overheats constantly ‚I'mthe MacBook Pro 14""M3 Max, 96GB RAM is a disappointment for the price. [#331]"
MBP14-M3MAX-96,"For this price, the MacBook Pro 14""M3 Max, 96GB RAM should not stutter on simple tasks. [#332]"
MBP14-M3MAX-96,"I regret upgrading to the MacBook Pro 14""M3 Max, 96GB RAM; my old MacBook worked better. [#333]"
MBP14-M3MAX-96,"The MacBook Pro 14""M3 Max, 96GB RAM crashes frequently and has serious stability issues. [#334]"
MBP14-M3MAX-96,"The MacBook Pro 14""M3 Max, 96GB RAM crashes frequently and has serious stability issues. [#335]"
MBP14-M3MAX-96,"My unit of the MacBook Pro 14""M3 Max, 96GB RAM came with a faulty logic board. Returned it. [#336]"
MBP14-M3MAX-96,"The MacBook Pro 14""M3 Max, 96GB RAM crashes frequently and has serious stability issues. [#337]"
MBP14-M3MAX-96,"The screen on the MacBook Pro 14""M3 Max, 96GB RAM flickers occasionally ‚I'mvery distracting. [#338]"
MBP14-M3MAX-96,"For this price, the MacBook Pro 14""M3 Max, 96GB RAM should not stutter on simple tasks. [#339]"
MBP14-M3MAX-96,"The MacBook Pro 14""M3 Max, 96GB RAM crashes frequently and has serious stability issues. [#340]"
MBP14-M3PRO-36,"The audio quality and display clarity on the MacBook Pro 14""M3 Pro, 36GB RAM are phenomenal. [#341]"
MBP14-M3PRO-36,"The MacBook Pro 14""M3 Pro, 36GB RAM exceeded my expectations with its blazing speed and seamless performance. [#342]"
MBP14-M3PRO-36,"Quiet, cool, and incredibly fast ‚I'mloving the MacBook Pro 14""M3 Pro, 36GB RAM so far. [#343]"
MBP14-M3PRO-36,"The audio quality and display clarity on the MacBook Pro 14""M3 Pro, 36GB RAM are phenomenal. [#344]"
MBP14-M3PRO-36,"The MacBook Pro 14""M3 Pro, 36GB RAM handles my workflow with ease ‚I'mtruly a powerhouse. [#345]"
MBP14-M3PRO-36,"Portability and power ‚I'mthe MacBook Pro 14""M3 Pro, 36GB RAM is the best balanceI'veseen. [#346]"
MBP14-M3PRO-36,"The MacBook Pro 14""M3 Pro, 36GB RAM handles my workflow with ease ‚I'mtruly a powerhouse. [#347]"
MBP14-M3PRO-36,"Incredible screen, unbeatable performance ‚I'mthe MacBook Pro 14""M3 Pro, 36GB RAM justifies its price. [#348]"
MBP14-M3PRO-36,"Apple nailed it with the MacBook Pro 14""M3 Pro, 36GB RAM, especially with the RAM optimization. [#349]"
MBP14-M3PRO-36,"I'm thoroughly impressed by the display and battery life of the MacBook Pro 14""M3 Pro, 36GB RAM. [#350]"
MBP14-M3PRO-36,"Quiet, cool, and incredibly fast ‚I'mloving the MacBook Pro 14""M3 Pro, 36GB RAM so far. [#351]"
MBP14-M3PRO-36,"Incredible screen, unbeatable performance ‚I'mthe MacBook Pro 14""M3 Pro, 36GB RAM justifies its price. [#352]"
MBP14-M3PRO-36,"I'm thoroughly impressed by the display and battery life of the MacBook Pro 14""M3 Pro, 36GB RAM. [#353]"
MBP14-M3PRO-36,"The MacBook Pro 14""M3 Pro, 36GB RAM exceeded my expectations with its blazing speed and seamless performance. [#354]"
MBP14-M3PRO-36,"Apple nailed it with the MacBook Pro 14""M3 Pro, 36GB RAM, especially with the RAM optimization. [#355]"
MBP14-M3PRO-36,"The MacBook Pro 14""M3 Pro, 36GB RAM's M-series chip is a game-changer for my video editing work. [#356]"
MBP14-M3PRO-36,"I'm thoroughly impressed by the display and battery life of the MacBook Pro 14""M3 Pro, 36GB RAM. [#357]"
MBP14-M3PRO-36,"I'm thoroughly impressed by the display and battery life of the MacBook Pro 14""M3 Pro, 36GB RAM. [#358]"
MBP14-M3PRO-36,"Apple nailed it with the MacBook Pro 14""M3 Pro, 36GB RAM, especially with the RAM optimization. [#359]"
MBP14-M3PRO-36,"The MacBook Pro 14""M3 Pro, 36GB RAM handles my workflow with ease ‚I'mtruly a powerhouse. [#360]"
MBP14-M3PRO-36,"The MacBook Pro 14""M3 Pro, 36GB RAM handles my workflow with ease ‚I'mtruly a powerhouse. [#361]"
MBP14-M3PRO-36,"Incredible screen, unbeatable performance ‚I'mthe MacBook Pro 14""M3 Pro, 36GB RAM justifies its price. [#362]"
MBP14-M3PRO-36,"The MacBook Pro 14""M3 Pro, 36GB RAM is everything I hoped for in a professional-grade laptop. [#363]"
MBP14-M3PRO-36,"Apple nailed it with the MacBook Pro 14""M3 Pro, 36GB RAM, especially with the RAM optimization. [#364]"
MBP14-M3PRO-36,"Apple nailed it with the MacBook Pro 14""M3 Pro, 36GB RAM, especially with the RAM optimization. [#365]"
MBP14-M3PRO-36,"Incredible screen, unbeatable performance ‚I'mthe MacBook Pro 14""M3 Pro, 36GB RAM justifies its price. [#366]"
MBP14-M3PRO-36,"Incredible screen, unbeatable performance ‚I'mthe MacBook Pro 14""M3 Pro, 36GB RAM justifies its price. [#367]"
MBP14-M3PRO-36,"The audio quality and display clarity on the MacBook Pro 14""M3 Pro, 36GB RAM are phenomenal. [#368]"
MBP14-M3PRO-36,"The audio quality and display clarity on the MacBook Pro 14""M3 Pro, 36GB RAM are phenomenal. [#369]"
MBP14-M3PRO-36,"The MacBook Pro 14""M3 Pro, 36GB RAM exceeded my expectations with its blazing speed and seamless performance. [#370]"
MBP14-M3PRO-36,"I'm thoroughly impressed by the display and battery life of the MacBook Pro 14""M3 Pro, 36GB RAM. [#371]"
MBP14-M3PRO-36,"I'm thoroughly impressed by the display and battery life of the MacBook Pro 14""M3 Pro, 36GB RAM. [#372]"
MBP14-M3PRO-36,"The MacBook Pro 14""M3 Pro, 36GB RAM's M-series chip is a game-changer for my video editing work. [#373]"
MBP14-M3PRO-36,"The audio quality and display clarity on the MacBook Pro 14""M3 Pro, 36GB RAM are phenomenal. [#374]"
MBP14-M3PRO-36,"Incredible screen, unbeatable performance ‚I'mthe MacBook Pro 14""M3 Pro, 36GB RAM justifies its price. [#375]"
MBP14-M3PRO-36,"The MacBook Pro 14""M3 Pro, 36GB RAM exceeded my expectations with its blazing speed and seamless performance. [#376]"
MBP14-M3PRO-36,"The MacBook Pro 14""M3 Pro, 36GB RAM is everything I hoped for in a professional-grade laptop. [#377]"
MBP14-M3PRO-36,"The MacBook Pro 14""M3 Pro, 36GB RAM is everything I hoped for in a professional-grade laptop. [#378]"
MBP14-M3PRO-36,"The MacBook Pro 14""M3 Pro, 36GB RAM is everything I hoped for in a professional-grade laptop. [#379]"
MBP14-M3PRO-36,"The MacBook Pro 14""M3 Pro, 36GB RAM's M-series chip is a game-changer for my video editing work. [#380]"
MBP14-M3PRO-36,"Quiet, cool, and incredibly fast ‚I'mloving the MacBook Pro 14""M3 Pro, 36GB RAM so far. [#381]"
MBP14-M3PRO-36,"The audio quality and display clarity on the MacBook Pro 14""M3 Pro, 36GB RAM are phenomenal. [#382]"
MBP14-M3PRO-36,"The MacBook Pro 14""M3 Pro, 36GB RAM is everything I hoped for in a professional-grade laptop. [#383]"
MBP14-M3PRO-36,"The MacBook Pro 14""M3 Pro, 36GB RAM's M-series chip is a game-changer for my video editing work. [#384]"
MBP14-M3PRO-36,"Quiet, cool, and incredibly fast ‚I'mloving the MacBook Pro 14""M3 Pro, 36GB RAM so far. [#385]"
MBP14-M3PRO-36,"The audio quality and display clarity on the MacBook Pro 14""M3 Pro, 36GB RAM are phenomenal. [#386]"
MBP14-M3PRO-36,"I'm thoroughly impressed by the display and battery life of the MacBook Pro 14""M3 Pro, 36GB RAM. [#387]"
MBP14-M3PRO-36,"Quiet, cool, and incredibly fast ‚I'mloving the MacBook Pro 14""M3 Pro, 36GB RAM so far. [#388]"
MBP14-M3PRO-36,"Incredible screen, unbeatable performance ‚I'mthe MacBook Pro 14""M3 Pro, 36GB RAM justifies its price. [#389]"
MBP14-M3PRO-36,"The MacBook Pro 14""M3 Pro, 36GB RAM is everything I hoped for in a professional-grade laptop. [#390]"
MBP14-M3PRO-36,"Quiet, cool, and incredibly fast ‚I'mloving the MacBook Pro 14""M3 Pro, 36GB RAM so far. [#391]"
MBP14-M3PRO-36,"Incredible screen, unbeatable performance ‚I'mthe MacBook Pro 14""M3 Pro, 36GB RAM justifies its price. [#392]"
MBP14-M3PRO-36,"The MacBook Pro 14""M3 Pro, 36GB RAM is everything I hoped for in a professional-grade laptop. [#393]"
MBP14-M3PRO-36,"The audio quality and display clarity on the MacBook Pro 14""M3 Pro, 36GB RAM are phenomenal. [#394]"
MBP14-M3PRO-36,"The audio quality and display clarity on the MacBook Pro 14""M3 Pro, 36GB RAM are phenomenal. [#395]"
MBP14-M3PRO-36,"Apple nailed it with the MacBook Pro 14""M3 Pro, 36GB RAM, especially with the RAM optimization. [#396]"
MBP14-M3PRO-36,"Apple nailed it with the MacBook Pro 14""M3 Pro, 36GB RAM, especially with the RAM optimization. [#397]"
MBP14-M3PRO-36,"Quiet, cool, and incredibly fast ‚I'mloving the MacBook Pro 14""M3 Pro, 36GB RAM so far. [#398]"
MBP14-M3PRO-36,"The MacBook Pro 14""M3 Pro, 36GB RAM handles my workflow with ease ‚I'mtruly a powerhouse. [#399]"
MBP14-M3PRO-36,"Portability and power ‚I'mthe MacBook Pro 14""M3 Pro, 36GB RAM is the best balanceI'veseen. [#400]"
MBP14-M3PRO-36,"Apple nailed it with the MacBook Pro 14""M3 Pro, 36GB RAM, especially with the RAM optimization. [#401]"
MBP14-M3PRO-36,"The MacBook Pro 14""M3 Pro, 36GB RAM exceeded my expectations with its blazing speed and seamless performance. [#402]"
MBP14-M3PRO-36,"The MacBook Pro 14""M3 Pro, 36GB RAM's M-series chip is a game-changer for my video editing work. [#403]"
MBP14-M3PRO-36,"Quiet, cool, and incredibly fast ‚I'mloving the MacBook Pro 14""M3 Pro, 36GB RAM so far. [#404]"
MBP14-M3PRO-36,"The MacBook Pro 14""M3 Pro, 36GB RAM handles my workflow with ease ‚I'mtruly a powerhouse. [#405]"
MBP14-M3PRO-36,"Quiet, cool, and incredibly fast ‚I'mloving the MacBook Pro 14""M3 Pro, 36GB RAM so far. [#406]"
MBP14-M3PRO-36,"The audio quality and display clarity on the MacBook Pro 14""M3 Pro, 36GB RAM are phenomenal. [#407]"
MBP14-M3PRO-36,"Apple nailed it with the MacBook Pro 14""M3 Pro, 36GB RAM, especially with the RAM optimization. [#408]"
MBP14-M3PRO-36,"The MacBook Pro 14""M3 Pro, 36GB RAM is everything I hoped for in a professional-grade laptop. [#409]"
MBP14-M3PRO-36,"The MacBook Pro 14""M3 Pro, 36GB RAM handles my workflow with ease ‚I'mtruly a powerhouse. [#410]"
MBP14-M3PRO-36,"The audio quality and display clarity on the MacBook Pro 14""M3 Pro, 36GB RAM are phenomenal. [#411]"
MBP14-M3PRO-36,"Portability and power ‚I'mthe MacBook Pro 14""M3 Pro, 36GB RAM is the best balanceI'veseen. [#412]"
MBP14-M3PRO-36,"I'm thoroughly impressed by the display and battery life of the MacBook Pro 14""M3 Pro, 36GB RAM. [#413]"
MBP14-M3PRO-36,"The MacBook Pro 14""M3 Pro, 36GB RAM is everything I hoped for in a professional-grade laptop. [#414]"
MBP14-M3PRO-36,"Quiet, cool, and incredibly fast ‚I'mloving the MacBook Pro 14""M3 Pro, 36GB RAM so far. [#415]"
MBP14-M3PRO-36,"The MacBook Pro 14""M3 Pro, 36GB RAM handles my workflow with ease ‚I'mtruly a powerhouse. [#416]"
MBP14-M3PRO-36,"The MacBook Pro 14""M3 Pro, 36GB RAM's M-series chip is a game-changer for my video editing work. [#417]"
MBP14-M3PRO-36,"The MacBook Pro 14""M3 Pro, 36GB RAM's M-series chip is a game-changer for my video editing work. [#418]"
MBP14-M3PRO-36,"I'm thoroughly impressed by the display and battery life of the MacBook Pro 14""M3 Pro, 36GB RAM. [#419]"
MBP14-M3PRO-36,"The MacBook Pro 14""M3 Pro, 36GB RAM handles my workflow with ease ‚I'mtruly a powerhouse. [#420]"
MBP14-M3PRO-36,"Incredible screen, unbeatable performance ‚I'mthe MacBook Pro 14""M3 Pro, 36GB RAM justifies its price. [#421]"
MBP14-M3PRO-36,"The MacBook Pro 14""M3 Pro, 36GB RAM is everything I hoped for in a professional-grade laptop. [#422]"
MBP14-M3PRO-36,"The audio quality and display clarity on the MacBook Pro 14""M3 Pro, 36GB RAM are phenomenal. [#423]"
MBP14-M3PRO-36,"The MacBook Pro 14""M3 Pro, 36GB RAM handles my workflow with ease ‚I'mtruly a powerhouse. [#424]"
MBP14-M3PRO-36,"The MacBook Pro 14""M3 Pro, 36GB RAM exceeded my expectations with its blazing speed and seamless performance. [#425]"
MBP14-M3PRO-36,"The MacBook Pro 14""M3 Pro, 36GB RAM is solid but feels like a small upgrade over the last version. [#426]"
MBP14-M3PRO-36,"The MacBook Pro 14""M3 Pro, 36GB RAM performs decently, though I wish it had more ports. [#427]"
MBP14-M3PRO-36,"Battery life on the MacBook Pro 14""M3 Pro, 36GB RAM is average ‚I'mnot bad, not great. [#428]"
MBP14-M3PRO-36,"The MacBook Pro 14""M3 Pro, 36GB RAM is fine for everyday tasks but feels overpriced. [#429]"
MBP14-M3PRO-36,"The MacBook Pro 14""M3 Pro, 36GB RAM is solid but feels like a small upgrade over the last version. [#430]"
MBP14-M3PRO-36,"The fan noise on the MacBook Pro 14""M3 Pro, 36GB RAM is noticeable, but manageable. [#431]"
MBP14-M3PRO-36,"I like the MacBook Pro 14""M3 Pro, 36GB RAM for the build, though the software had a few bugs. [#432]"
MBP14-M3PRO-36,"The MacBook Pro 14""M3 Pro, 36GB RAM performs decently, though I wish it had more ports. [#433]"
MBP14-M3PRO-36,"The MacBook Pro 14""M3 Pro, 36GB RAM is solid but feels like a small upgrade over the last version. [#434]"
MBP14-M3PRO-36,"Battery life on the MacBook Pro 14""M3 Pro, 36GB RAM is average ‚I'mnot bad, not great. [#435]"
MBP14-M3PRO-36,"Using the MacBook Pro 14""M3 Pro, 36GB RAM has been okay ‚I'mnothing too exciting so far. [#436]"
MBP14-M3PRO-36,"The MacBook Pro 14""M3 Pro, 36GB RAM is fine for everyday tasks but feels overpriced. [#437]"
MBP14-M3PRO-36,"The MacBook Pro 14""M3 Pro, 36GB RAM is solid but feels like a small upgrade over the last version. [#438]"
MBP14-M3PRO-36,"It works fine for my needs, though I expected more from the MacBook Pro 14""M3 Pro, 36GB RAM. [#439]"
MBP14-M3PRO-36,"It works fine for my needs, though I expected more from the MacBook Pro 14""M3 Pro, 36GB RAM. [#440]"
MBP14-M3PRO-36,"No major issues with the MacBook Pro 14""M3 Pro, 36GB RAM, but nothing blew me away either. [#441]"
MBP14-M3PRO-36,"The fan noise on the MacBook Pro 14""M3 Pro, 36GB RAM is noticeable, but manageable. [#442]"
MBP14-M3PRO-36,"The design is nice, though the MacBook Pro 14""M3 Pro, 36GB RAM gets warm under load. [#443]"
MBP14-M3PRO-36,"The MacBook Pro 14""M3 Pro, 36GB RAM is solid but feels like a small upgrade over the last version. [#444]"
MBP14-M3PRO-36,"Using the MacBook Pro 14""M3 Pro, 36GB RAM has been okay ‚I'mnothing too exciting so far. [#445]"
MBP14-M3PRO-36,"The MacBook Pro 14""M3 Pro, 36GB RAM performs decently, though I wish it had more ports. [#446]"
MBP14-M3PRO-36,"The MacBook Pro 14""M3 Pro, 36GB RAM performs decently, though I wish it had more ports. [#447]"
MBP14-M3PRO-36,"The fan noise on the MacBook Pro 14""M3 Pro, 36GB RAM is noticeable, but manageable. [#448]"
MBP14-M3PRO-36,"The design is nice, though the MacBook Pro 14""M3 Pro, 36GB RAM gets warm under load. [#449]"
MBP14-M3PRO-36,"No major issues with the MacBook Pro 14""M3 Pro, 36GB RAM, but nothing blew me away either. [#450]"
MBP14-M3PRO-36,"The MacBook Pro 14""M3 Pro, 36GB RAM is fine for everyday tasks but feels overpriced. [#451]"
MBP14-M3PRO-36,"I like the MacBook Pro 14""M3 Pro, 36GB RAM for the build, though the software had a few bugs. [#452]"
MBP14-M3PRO-36,"The fan noise on the MacBook Pro 14""M3 Pro, 36GB RAM is noticeable, but manageable. [#453]"
MBP14-M3PRO-36,"The MacBook Pro 14""M3 Pro, 36GB RAM is solid but feels like a small upgrade over the last version. [#454]"
MBP14-M3PRO-36,"Using the MacBook Pro 14""M3 Pro, 36GB RAM has been okay ‚I'mnothing too exciting so far. [#455]"
MBP14-M3PRO-36,"The MacBook Pro 14""M3 Pro, 36GB RAM performs decently, though I wish it had more ports. [#456]"
MBP14-M3PRO-36,"Using the MacBook Pro 14""M3 Pro, 36GB RAM has been okay ‚I'mnothing too exciting so far. [#457]"
MBP14-M3PRO-36,"I like the MacBook Pro 14""M3 Pro, 36GB RAM for the build, though the software had a few bugs. [#458]"
MBP14-M3PRO-36,"The MacBook Pro 14""M3 Pro, 36GB RAM is fine for everyday tasks but feels overpriced. [#459]"
MBP14-M3PRO-36,"The MacBook Pro 14""M3 Pro, 36GB RAM is solid but feels like a small upgrade over the last version. [#460]"
MBP14-M3PRO-36,"The design is nice, though the MacBook Pro 14""M3 Pro, 36GB RAM gets warm under load. [#461]"
MBP14-M3PRO-36,"The MacBook Pro 14""M3 Pro, 36GB RAM is solid but feels like a small upgrade over the last version. [#462]"
MBP14-M3PRO-36,"The MacBook Pro 14""M3 Pro, 36GB RAM is fine for everyday tasks but feels overpriced. [#463]"
MBP14-M3PRO-36,"The fan noise on the MacBook Pro 14""M3 Pro, 36GB RAM is noticeable, but manageable. [#464]"
MBP14-M3PRO-36,"The fan noise on the MacBook Pro 14""M3 Pro, 36GB RAM is noticeable, but manageable. [#465]"
MBP14-M3PRO-36,"No major issues with the MacBook Pro 14""M3 Pro, 36GB RAM, but nothing blew me away either. [#466]"
MBP14-M3PRO-36,"The design is nice, though the MacBook Pro 14""M3 Pro, 36GB RAM gets warm under load. [#467]"
MBP14-M3PRO-36,"Using the MacBook Pro 14""M3 Pro, 36GB RAM has been okay ‚I'mnothing too exciting so far. [#468]"
MBP14-M3PRO-36,"The MacBook Pro 14""M3 Pro, 36GB RAM performs decently, though I wish it had more ports. [#469]"
MBP14-M3PRO-36,"No major issues with the MacBook Pro 14""M3 Pro, 36GB RAM, but nothing blew me away either. [#470]"
MBP14-M3PRO-36,"It works fine for my needs, though I expected more from the MacBook Pro 14""M3 Pro, 36GB RAM. [#471]"
MBP14-M3PRO-36,"No major issues with the MacBook Pro 14""M3 Pro, 36GB RAM, but nothing blew me away either. [#472]"
MBP14-M3PRO-36,"The MacBook Pro 14""M3 Pro, 36GB RAM is fine for everyday tasks but feels overpriced. [#473]"
MBP14-M3PRO-36,"Battery life on the MacBook Pro 14""M3 Pro, 36GB RAM is average ‚I'mnot bad, not great. [#474]"
MBP14-M3PRO-36,"The keyboard on the MacBook Pro 14""M3 Pro, 36GB RAM is uncomfortable and poorly designed. [#475]"
MBP14-M3PRO-36,"I regret upgrading to the MacBook Pro 14""M3 Pro, 36GB RAM; my old MacBook worked better. [#476]"
MBP14-M3PRO-36,"Battery life is abysmal ‚I'mthe MacBook Pro 14""M3 Pro, 36GB RAM dies in just a few hours. [#477]"
MBP14-M3PRO-36,"Battery life is abysmal ‚I'mthe MacBook Pro 14""M3 Pro, 36GB RAM dies in just a few hours. [#478]"
MBP14-M3PRO-36,"Overheats constantly ‚I'mthe MacBook Pro 14""M3 Pro, 36GB RAM is a disappointment for the price. [#479]"
MBP14-M3PRO-36,"Overheats constantly ‚I'mthe MacBook Pro 14""M3 Pro, 36GB RAM is a disappointment for the price. [#480]"
MBP14-M3PRO-36,"I regret upgrading to the MacBook Pro 14""M3 Pro, 36GB RAM; my old MacBook worked better. [#481]"
MBP14-M3PRO-36,"The screen on the MacBook Pro 14""M3 Pro, 36GB RAM flickers occasionally ‚I'mvery distracting. [#482]"
MBP16-M3MAX-128,"The MacBook Pro 16""M3 Max, 128GB RAM is everything I hoped for in a professional-grade laptop. [#483]"
MBP16-M3MAX-128,"The MacBook Pro 16""M3 Max, 128GB RAM exceeded my expectations with its blazing speed and seamless performance. [#484]"
MBP16-M3MAX-128,"The MacBook Pro 16""M3 Max, 128GB RAM's M-series chip is a game-changer for my video editing work. [#485]"
MBP16-M3MAX-128,"Incredible screen, unbeatable performance ‚I'mthe MacBook Pro 16""M3 Max, 128GB RAM justifies its price. [#486]"
MBP16-M3MAX-128,"The MacBook Pro 16""M3 Max, 128GB RAM is everything I hoped for in a professional-grade laptop. [#487]"
MBP16-M3MAX-128,"I'm thoroughly impressed by the display and battery life of the MacBook Pro 16""M3 Max, 128GB RAM. [#488]"
MBP16-M3MAX-128,"Incredible screen, unbeatable performance ‚I'mthe MacBook Pro 16""M3 Max, 128GB RAM justifies its price. [#489]"
MBP16-M3MAX-128,"Portability and power ‚I'mthe MacBook Pro 16""M3 Max, 128GB RAM is the best balanceI'veseen. [#490]"
MBP16-M3MAX-128,"The MacBook Pro 16""M3 Max, 128GB RAM is fine for everyday tasks but feels overpriced. [#491]"
MBP16-M3MAX-128,"No major issues with the MacBook Pro 16""M3 Max, 128GB RAM, but nothing blew me away either. [#492]"
MBP16-M3MAX-128,"The MacBook Pro 16""M3 Max, 128GB RAM is fine for everyday tasks but feels overpriced. [#493]"
MBP16-M3MAX-128,"No major issues with the MacBook Pro 16""M3 Max, 128GB RAM, but nothing blew me away either. [#494]"
MBP16-M3MAX-128,"The fan noise on the MacBook Pro 16""M3 Max, 128GB RAM is noticeable, but manageable. [#495]"
MBP16-M3MAX-128,"No major issues with the MacBook Pro 16""M3 Max, 128GB RAM, but nothing blew me away either. [#496]"
MBP16-M3MAX-128,"Using the MacBook Pro 16""M3 Max, 128GB RAM has been okay ‚I'mnothing too exciting so far. [#497]"
MBP16-M3MAX-128,"The MacBook Pro 16""M3 Max, 128GB RAM is solid but feels like a small upgrade over the last version. [#498]"
MBP16-M3MAX-128,"I like the MacBook Pro 16""M3 Max, 128GB RAM for the build, though the software had a few bugs. [#499]"
MBP16-M3MAX-128,"I like the MacBook Pro 16""M3 Max, 128GB RAM for the build, though the software had a few bugs. [#500]"
MBP16-M3MAX-128,"The MacBook Pro 16""M3 Max, 128GB RAM is fine for everyday tasks but feels overpriced. [#501]"
MBP16-M3MAX-128,"The MacBook Pro 16""M3 Max, 128GB RAM froze during setup and continues to lag during use. [#502]"
MBP16-M3MAX-128,"The MacBook Pro 16""M3 Max, 128GB RAM is far too bulky and loud to use comfortably. [#503]"
MBP16-M3MAX-128,"Overheats constantly ‚I'mthe MacBook Pro 16""M3 Max, 128GB RAM is a disappointment for the price. [#504]"
MBP16-M3MAX-128,"The MacBook Pro 16""M3 Max, 128GB RAM is far too bulky and loud to use comfortably. [#505]"
MBP16-M3MAX-128,"The MacBook Pro 16""M3 Max, 128GB RAM crashes frequently and has serious stability issues. [#506]"
MBP16-M3MAX-128,"The MacBook Pro 16""M3 Max, 128GB RAM crashes frequently and has serious stability issues. [#507]"
MBP16-M3MAX-128,"The keyboard on the MacBook Pro 16""M3 Max, 128GB RAM is uncomfortable and poorly designed. [#508]"
MBP16-M3MAX-128,"The MacBook Pro 16""M3 Max, 128GB RAM crashes frequently and has serious stability issues. [#509]"
MBP16-M3MAX-128,"The MacBook Pro 16""M3 Max, 128GB RAM crashes frequently and has serious stability issues. [#510]"
MBP16-M3MAX-128,"The screen on the MacBook Pro 16""M3 Max, 128GB RAM flickers occasionally ‚I'mvery distracting. [#511]"
MBP16-M3MAX-128,"Battery life is abysmal ‚I'mthe MacBook Pro 16""M3 Max, 128GB RAM dies in just a few hours. [#512]"
MBP16-M3MAX-128,"Overheats constantly ‚I'mthe MacBook Pro 16""M3 Max, 128GB RAM is a disappointment for the price. [#513]"
MBP16-M3MAX-128,"My unit of the MacBook Pro 16""M3 Max, 128GB RAM came with a faulty logic board. Returned it. [#514]"
MBP16-M3MAX-128,"The MacBook Pro 16""M3 Max, 128GB RAM is far too bulky and loud to use comfortably. [#515]"
MBP16-M3MAX-128,"The screen on the MacBook Pro 16""M3 Max, 128GB RAM flickers occasionally ‚I'mvery distracting. [#516]"
MBP16-M3MAX-128,"The MacBook Pro 16""M3 Max, 128GB RAM froze during setup and continues to lag during use. [#517]"
MBP16-M3MAX-128,"The MacBook Pro 16""M3 Max, 128GB RAM crashes frequently and has serious stability issues. [#518]"
MBP16-M3MAX-128,"The keyboard on the MacBook Pro 16""M3 Max, 128GB RAM is uncomfortable and poorly designed. [#519]"
MBP16-M3MAX-128,"The MacBook Pro 16""M3 Max, 128GB RAM froze during setup and continues to lag during use. [#520]"
MBP16-M3MAX-128,"The keyboard on the MacBook Pro 16""M3 Max, 128GB RAM is uncomfortable and poorly designed. [#521]"
MBP16-M3MAX-128,"I regret upgrading to the MacBook Pro 16""M3 Max, 128GB RAM; my old MacBook worked better. [#522]"
MBP16-M3MAX-128,"Battery life is abysmal ‚I'mthe MacBook Pro 16""M3 Max, 128GB RAM dies in just a few hours. [#523]"
MBP16-M3MAX-128,"The MacBook Pro 16""M3 Max, 128GB RAM is far too bulky and loud to use comfortably. [#524]"
MBP16-M3MAX-128,"For this price, the MacBook Pro 16""M3 Max, 128GB RAM should not stutter on simple tasks. [#525]"
MBP16-M3MAX-128,"Battery life is abysmal ‚I'mthe MacBook Pro 16""M3 Max, 128GB RAM dies in just a few hours. [#526]"
MBP16-M3MAX-128,"The screen on the MacBook Pro 16""M3 Max, 128GB RAM flickers occasionally ‚I'mvery distracting. [#527]"
MBP16-M3MAX-128,"The MacBook Pro 16""M3 Max, 128GB RAM is far too bulky and loud to use comfortably. [#528]"
MBP16-M3MAX-128,"The MacBook Pro 16""M3 Max, 128GB RAM crashes frequently and has serious stability issues. [#529]"
MBP16-M3MAX-128,"The screen on the MacBook Pro 16""M3 Max, 128GB RAM flickers occasionally ‚I'mvery distracting. [#530]"
MBP16-M3MAX-128,"The MacBook Pro 16""M3 Max, 128GB RAM froze during setup and continues to lag during use. [#531]"
MBP16-M3MAX-128,"The screen on the MacBook Pro 16""M3 Max, 128GB RAM flickers occasionally ‚I'mvery distracting. [#532]"
MBP16-M3MAX-128,"The MacBook Pro 16""M3 Max, 128GB RAM crashes frequently and has serious stability issues. [#533]"
MBP16-M3MAX-128,"Overheats constantly ‚I'mthe MacBook Pro 16""M3 Max, 128GB RAM is a disappointment for the price. [#534]"
MBP16-M3MAX-128,"The MacBook Pro 16""M3 Max, 128GB RAM crashes frequently and has serious stability issues. [#535]"
MBP16-M3MAX-128,"The MacBook Pro 16""M3 Max, 128GB RAM crashes frequently and has serious stability issues. [#536]"
MBP16-M3PRO-36,"I'm thoroughly impressed by the display and battery life of the MacBook Pro 16""M3 Pro, 36GB RAM. [#537]"
MBP16-M3PRO-36,"Quiet, cool, and incredibly fast ‚I'mloving the MacBook Pro 16""M3 Pro, 36GB RAM so far. [#538]"
MBP16-M3PRO-36,"The audio quality and display clarity on the MacBook Pro 16""M3 Pro, 36GB RAM are phenomenal. [#539]"
MBP16-M3PRO-36,"Incredible screen, unbeatable performance ‚I'mthe MacBook Pro 16""M3 Pro, 36GB RAM justifies its price. [#540]"
MBP16-M3PRO-36,"The MacBook Pro 16""M3 Pro, 36GB RAM handles my workflow with ease ‚I'mtruly a powerhouse. [#541]"
MBP16-M3PRO-36,"Incredible screen, unbeatable performance ‚I'mthe MacBook Pro 16""M3 Pro, 36GB RAM justifies its price. [#542]"
MBP16-M3PRO-36,"Portability and power ‚I'mthe MacBook Pro 16""M3 Pro, 36GB RAM is the best balanceI'veseen. [#543]"
MBP16-M3PRO-36,"Apple nailed it with the MacBook Pro 16""M3 Pro, 36GB RAM, especially with the RAM optimization. [#544]"
MBP16-M3PRO-36,"Quiet, cool, and incredibly fast ‚I'mloving the MacBook Pro 16""M3 Pro, 36GB RAM so far. [#545]"
MBP16-M3PRO-36,"Incredible screen, unbeatable performance ‚I'mthe MacBook Pro 16""M3 Pro, 36GB RAM justifies its price. [#546]"
MBP16-M3PRO-36,"The MacBook Pro 16""M3 Pro, 36GB RAM is everything I hoped for in a professional-grade laptop. [#547]"
MBP16-M3PRO-36,"The MacBook Pro 16""M3 Pro, 36GB RAM is everything I hoped for in a professional-grade laptop. [#548]"
MBP16-M3PRO-36,"The MacBook Pro 16""M3 Pro, 36GB RAM is everything I hoped for in a professional-grade laptop. [#549]"
MBP16-M3PRO-36,"The MacBook Pro 16""M3 Pro, 36GB RAM is everything I hoped for in a professional-grade laptop. [#550]"
MBP16-M3PRO-36,"The audio quality and display clarity on the MacBook Pro 16""M3 Pro, 36GB RAM are phenomenal. [#551]"
MBP16-M3PRO-36,"Apple nailed it with the MacBook Pro 16""M3 Pro, 36GB RAM, especially with the RAM optimization. [#552]"
MBP16-M3PRO-36,"The MacBook Pro 16""M3 Pro, 36GB RAM exceeded my expectations with its blazing speed and seamless performance. [#553]"
MBP16-M3PRO-36,"Portability and power ‚I'mthe MacBook Pro 16""M3 Pro, 36GB RAM is the best balanceI'veseen. [#554]"
MBP16-M3PRO-36,"Incredible screen, unbeatable performance ‚I'mthe MacBook Pro 16""M3 Pro, 36GB RAM justifies its price. [#555]"
MBP16-M3PRO-36,"I'm thoroughly impressed by the display and battery life of the MacBook Pro 16""M3 Pro, 36GB RAM. [#556]"
MBP16-M3PRO-36,"The MacBook Pro 16""M3 Pro, 36GB RAM handles my workflow with ease ‚I'mtruly a powerhouse. [#557]"
MBP16-M3PRO-36,"The MacBook Pro 16""M3 Pro, 36GB RAM's M-series chip is a game-changer for my video editing work. [#558]"
MBP16-M3PRO-36,"The MacBook Pro 16""M3 Pro, 36GB RAM handles my workflow with ease ‚I'mtruly a powerhouse. [#559]"
MBP16-M3PRO-36,"The MacBook Pro 16""M3 Pro, 36GB RAM's M-series chip is a game-changer for my video editing work. [#560]"
MBP16-M3PRO-36,"Portability and power ‚I'mthe MacBook Pro 16""M3 Pro, 36GB RAM is the best balanceI'veseen. [#561]"
MBP16-M3PRO-36,"Incredible screen, unbeatable performance ‚I'mthe MacBook Pro 16""M3 Pro, 36GB RAM justifies its price. [#562]"
MBP16-M3PRO-36,"Quiet, cool, and incredibly fast ‚I'mloving the MacBook Pro 16""M3 Pro, 36GB RAM so far. [#563]"
MBP16-M3PRO-36,"The MacBook Pro 16""M3 Pro, 36GB RAM's M-series chip is a game-changer for my video editing work. [#564]"
MBP16-M3PRO-36,"I'm thoroughly impressed by the display and battery life of the MacBook Pro 16""M3 Pro, 36GB RAM. [#565]"
MBP16-M3PRO-36,"I'm thoroughly impressed by the display and battery life of the MacBook Pro 16""M3 Pro, 36GB RAM. [#566]"
MBP16-M3PRO-36,"Apple nailed it with the MacBook Pro 16""M3 Pro, 36GB RAM, especially with the RAM optimization. [#567]"
MBP16-M3PRO-36,"The MacBook Pro 16""M3 Pro, 36GB RAM handles my workflow with ease ‚I'mtruly a powerhouse. [#568]"
MBP16-M3PRO-36,"Portability and power ‚I'mthe MacBook Pro 16""M3 Pro, 36GB RAM is the best balanceI'veseen. [#569]"
MBP16-M3PRO-36,"Incredible screen, unbeatable performance ‚I'mthe MacBook Pro 16""M3 Pro, 36GB RAM justifies its price. [#570]"
MBP16-M3PRO-36,"The audio quality and display clarity on the MacBook Pro 16""M3 Pro, 36GB RAM are phenomenal. [#571]"
MBP16-M3PRO-36,"Quiet, cool, and incredibly fast ‚I'mloving the MacBook Pro 16""M3 Pro, 36GB RAM so far. [#572]"
MBP16-M3PRO-36,"The audio quality and display clarity on the MacBook Pro 16""M3 Pro, 36GB RAM are phenomenal. [#573]"
MBP16-M3PRO-36,"The audio quality and display clarity on the MacBook Pro 16""M3 Pro, 36GB RAM are phenomenal. [#574]"
MBP16-M3PRO-36,"Portability and power ‚I'mthe MacBook Pro 16""M3 Pro, 36GB RAM is the best balanceI'veseen. [#575]"
MBP16-M3PRO-36,"Quiet, cool, and incredibly fast ‚I'mloving the MacBook Pro 16""M3 Pro, 36GB RAM so far. [#576]"
MBP16-M3PRO-36,"I'm thoroughly impressed by the display and battery life of the MacBook Pro 16""M3 Pro, 36GB RAM. [#577]"
MBP16-M3PRO-36,"Incredible screen, unbeatable performance ‚I'mthe MacBook Pro 16""M3 Pro, 36GB RAM justifies its price. [#578]"
MBP16-M3PRO-36,"Apple nailed it with the MacBook Pro 16""M3 Pro, 36GB RAM, especially with the RAM optimization. [#579]"
MBP16-M3PRO-36,"The MacBook Pro 16""M3 Pro, 36GB RAM's M-series chip is a game-changer for my video editing work. [#580]"
MBP16-M3PRO-36,"The audio quality and display clarity on the MacBook Pro 16""M3 Pro, 36GB RAM are phenomenal. [#581]"
MBP16-M3PRO-36,"I'm thoroughly impressed by the display and battery life of the MacBook Pro 16""M3 Pro, 36GB RAM. [#582]"
MBP16-M3PRO-36,"Incredible screen, unbeatable performance ‚I'mthe MacBook Pro 16""M3 Pro, 36GB RAM justifies its price. [#583]"
MBP16-M3PRO-36,"Quiet, cool, and incredibly fast ‚I'mloving the MacBook Pro 16""M3 Pro, 36GB RAM so far. [#584]"
MBP16-M3PRO-36,"The MacBook Pro 16""M3 Pro, 36GB RAM's M-series chip is a game-changer for my video editing work. [#585]"
MBP16-M3PRO-36,"Quiet, cool, and incredibly fast ‚I'mloving the MacBook Pro 16""M3 Pro, 36GB RAM so far. [#586]"
MBP16-M3PRO-36,"Apple nailed it with the MacBook Pro 16""M3 Pro, 36GB RAM, especially with the RAM optimization. [#587]"
MBP16-M3PRO-36,"The MacBook Pro 16""M3 Pro, 36GB RAM's M-series chip is a game-changer for my video editing work. [#588]"
MBP16-M3PRO-36,"Incredible screen, unbeatable performance ‚I'mthe MacBook Pro 16""M3 Pro, 36GB RAM justifies its price. [#589]"
MBP16-M3PRO-36,"The MacBook Pro 16""M3 Pro, 36GB RAM's M-series chip is a game-changer for my video editing work. [#590]"
MBP16-M3PRO-36,"The MacBook Pro 16""M3 Pro, 36GB RAM's M-series chip is a game-changer for my video editing work. [#591]"
MBP16-M3PRO-36,"Incredible screen, unbeatable performance ‚I'mthe MacBook Pro 16""M3 Pro, 36GB RAM justifies its price. [#592]"
MBP16-M3PRO-36,"The MacBook Pro 16""M3 Pro, 36GB RAM exceeded my expectations with its blazing speed and seamless performance. [#593]"
MBP16-M3PRO-36,"I'm thoroughly impressed by the display and battery life of the MacBook Pro 16""M3 Pro, 36GB RAM. [#594]"
MBP16-M3PRO-36,"The MacBook Pro 16""M3 Pro, 36GB RAM's M-series chip is a game-changer for my video editing work. [#595]"
MBP16-M3PRO-36,"Portability and power ‚I'mthe MacBook Pro 16""M3 Pro, 36GB RAM is the best balanceI'veseen. [#596]"
MBP16-M3PRO-36,"Portability and power ‚I'mthe MacBook Pro 16""M3 Pro, 36GB RAM is the best balanceI'veseen. [#597]"
MBP16-M3PRO-36,"The MacBook Pro 16""M3 Pro, 36GB RAM's M-series chip is a game-changer for my video editing work. [#598]"
MBP16-M3PRO-36,"The MacBook Pro 16""M3 Pro, 36GB RAM is everything I hoped for in a professional-grade laptop. [#599]"
MBP16-M3PRO-36,"Apple nailed it with the MacBook Pro 16""M3 Pro, 36GB RAM, especially with the RAM optimization. [#600]"
MBP16-M3PRO-36,"Apple nailed it with the MacBook Pro 16""M3 Pro, 36GB RAM, especially with the RAM optimization. [#601]"
MBP16-M3PRO-36,"The MacBook Pro 16""M3 Pro, 36GB RAM exceeded my expectations with its blazing speed and seamless performance. [#602]"
MBP16-M3PRO-36,"Quiet, cool, and incredibly fast ‚I'mloving the MacBook Pro 16""M3 Pro, 36GB RAM so far. [#603]"
MBP16-M3PRO-36,"The audio quality and display clarity on the MacBook Pro 16""M3 Pro, 36GB RAM are phenomenal. [#604]"
MBP16-M3PRO-36,"Incredible screen, unbeatable performance ‚I'mthe MacBook Pro 16""M3 Pro, 36GB RAM justifies its price. [#605]"
MBP16-M3PRO-36,"Apple nailed it with the MacBook Pro 16""M3 Pro, 36GB RAM, especially with the RAM optimization. [#606]"
MBP16-M3PRO-36,"The MacBook Pro 16""M3 Pro, 36GB RAM exceeded my expectations with its blazing speed and seamless performance. [#607]"
MBP16-M3PRO-36,"Incredible screen, unbeatable performance ‚I'mthe MacBook Pro 16""M3 Pro, 36GB RAM justifies its price. [#608]"
MBP16-M3PRO-36,"Portability and power ‚I'mthe MacBook Pro 16""M3 Pro, 36GB RAM is the best balanceI'veseen. [#609]"
MBP16-M3PRO-36,"The MacBook Pro 16""M3 Pro, 36GB RAM handles my workflow with ease ‚I'mtruly a powerhouse. [#610]"
MBP16-M3PRO-36,"It works fine for my needs, though I expected more from the MacBook Pro 16""M3 Pro, 36GB RAM. [#611]"
MBP16-M3PRO-36,"The MacBook Pro 16""M3 Pro, 36GB RAM is fine for everyday tasks but feels overpriced. [#612]"
MBP16-M3PRO-36,"I like the MacBook Pro 16""M3 Pro, 36GB RAM for the build, though the software had a few bugs. [#613]"
MBP16-M3PRO-36,"The MacBook Pro 16""M3 Pro, 36GB RAM is fine for everyday tasks but feels overpriced. [#614]"
MBP16-M3PRO-36,"Using the MacBook Pro 16""M3 Pro, 36GB RAM has been okay ‚I'mnothing too exciting so far. [#615]"
MBP16-M3PRO-36,"It works fine for my needs, though I expected more from the MacBook Pro 16""M3 Pro, 36GB RAM. [#616]"
MBP16-M3PRO-36,"Using the MacBook Pro 16""M3 Pro, 36GB RAM has been okay ‚I'mnothing too exciting so far. [#617]"
MBP16-M3PRO-36,"The MacBook Pro 16""M3 Pro, 36GB RAM is fine for everyday tasks but feels overpriced. [#618]"
MBP16-M3PRO-36,"Battery life on the MacBook Pro 16""M3 Pro, 36GB RAM is average ‚I'mnot bad, not great. [#619]"
MBP16-M3PRO-36,"Using the MacBook Pro 16""M3 Pro, 36GB RAM has been okay ‚I'mnothing too exciting so far. [#620]"
MBP16-M3PRO-36,"No major issues with the MacBook Pro 16""M3 Pro, 36GB RAM, but nothing blew me away either. [#621]"
MBP16-M3PRO-36,"It works fine for my needs, though I expected more from the MacBook Pro 16""M3 Pro, 36GB RAM. [#622]"
MBP16-M3PRO-36,"Battery life on the MacBook Pro 16""M3 Pro, 36GB RAM is average ‚I'mnot bad, not great. [#623]"
MBP16-M3PRO-36,"The MacBook Pro 16""M3 Pro, 36GB RAM is solid but feels like a small upgrade over the last version. [#624]"
MBP16-M3PRO-36,"The MacBook Pro 16""M3 Pro, 36GB RAM is fine for everyday tasks but feels overpriced. [#625]"
MBP16-M3PRO-36,"Battery life on the MacBook Pro 16""M3 Pro, 36GB RAM is average ‚I'mnot bad, not great. [#626]"
MBP16-M3PRO-36,"Battery life on the MacBook Pro 16""M3 Pro, 36GB RAM is average ‚I'mnot bad, not great. [#627]"
MBP16-M3PRO-36,"No major issues with the MacBook Pro 16""M3 Pro, 36GB RAM, but nothing blew me away either. [#628]"
MBP16-M3PRO-36,"The design is nice, though the MacBook Pro 16""M3 Pro, 36GB RAM gets warm under load. [#629]"
MBP16-M3PRO-36,"The MacBook Pro 16""M3 Pro, 36GB RAM is fine for everyday tasks but feels overpriced. [#630]"
MBP16-M3PRO-36,"The fan noise on the MacBook Pro 16""M3 Pro, 36GB RAM is noticeable, but manageable. [#631]"
MBP16-M3PRO-36,"I like the MacBook Pro 16""M3 Pro, 36GB RAM for the build, though the software had a few bugs. [#632]"
MBP16-M3PRO-36,"The design is nice, though the MacBook Pro 16""M3 Pro, 36GB RAM gets warm under load. [#633]"
MBP16-M3PRO-36,"Using the MacBook Pro 16""M3 Pro, 36GB RAM has been okay ‚I'mnothing too exciting so far. [#634]"
MBP16-M3PRO-36,"Using the MacBook Pro 16""M3 Pro, 36GB RAM has been okay ‚I'mnothing too exciting so far. [#635]"
MBP16-M3PRO-36,"The fan noise on the MacBook Pro 16""M3 Pro, 36GB RAM is noticeable, but manageable. [#636]"
MBP16-M3PRO-36,"The fan noise on the MacBook Pro 16""M3 Pro, 36GB RAM is noticeable, but manageable. [#637]"
MBP16-M3PRO-36,"No major issues with the MacBook Pro 16""M3 Pro, 36GB RAM, but nothing blew me away either. [#638]"
MBP16-M3PRO-36,"No major issues with the MacBook Pro 16""M3 Pro, 36GB RAM, but nothing blew me away either. [#639]"
MBP16-M3PRO-36,"The MacBook Pro 16""M3 Pro, 36GB RAM performs decently, though I wish it had more ports. [#640]"
MBP16-M3PRO-36,"The MacBook Pro 16""M3 Pro, 36GB RAM is solid but feels like a small upgrade over the last version. [#641]"
MBP16-M3PRO-36,"The design is nice, though the MacBook Pro 16""M3 Pro, 36GB RAM gets warm under load. [#642]"
MBP16-M3PRO-36,"The design is nice, though the MacBook Pro 16""M3 Pro, 36GB RAM gets warm under load. [#643]"
MBP16-M3PRO-36,"I like the MacBook Pro 16""M3 Pro, 36GB RAM for the build, though the software had a few bugs. [#644]"
MBP16-M3PRO-36,"Using the MacBook Pro 16""M3 Pro, 36GB RAM has been okay ‚I'mnothing too exciting so far. [#645]"
MBP16-M3PRO-36,"The MacBook Pro 16""M3 Pro, 36GB RAM is solid but feels like a small upgrade over the last version. [#646]"
MBP16-M3PRO-36,"I like the MacBook Pro 16""M3 Pro, 36GB RAM for the build, though the software had a few bugs. [#647]"
MBP16-M3PRO-36,"It works fine for my needs, though I expected more from the MacBook Pro 16""M3 Pro, 36GB RAM. [#648]"
MBP16-M3PRO-36,"Battery life on the MacBook Pro 16""M3 Pro, 36GB RAM is average ‚I'mnot bad, not great. [#649]"
MBP16-M3PRO-36,"Using the MacBook Pro 16""M3 Pro, 36GB RAM has been okay ‚I'mnothing too exciting so far. [#650]"
MBP16-M3PRO-36,"I like the MacBook Pro 16""M3 Pro, 36GB RAM for the build, though the software had a few bugs. [#651]"
MBP16-M3PRO-36,"The MacBook Pro 16""M3 Pro, 36GB RAM is fine for everyday tasks but feels overpriced. [#652]"
MBP16-M3PRO-36,"The design is nice, though the MacBook Pro 16""M3 Pro, 36GB RAM gets warm under load. [#653]"
MBP16-M3PRO-36,"The MacBook Pro 16""M3 Pro, 36GB RAM is solid but feels like a small upgrade over the last version. [#654]"
MBP16-M3PRO-36,"The MacBook Pro 16""M3 Pro, 36GB RAM is solid but feels like a small upgrade over the last version. [#655]"
MBP16-M3PRO-36,"No major issues with the MacBook Pro 16""M3 Pro, 36GB RAM, but nothing blew me away either. [#656]"
MBP16-M3PRO-36,"The design is nice, though the MacBook Pro 16""M3 Pro, 36GB RAM gets warm under load. [#657]"
MBP16-M3PRO-36,"The MacBook Pro 16""M3 Pro, 36GB RAM crashes frequently and has serious stability issues. [#658]"
MBP16-M3PRO-36,"The screen on the MacBook Pro 16""M3 Pro, 36GB RAM flickers occasionally ‚I'mvery distracting. [#659]"
MBP16-M3PRO-36,"The MacBook Pro 16""M3 Pro, 36GB RAM is far too bulky and loud to use comfortably. [#660]"
MBP16-M3PRO-36,"My unit of the MacBook Pro 16""M3 Pro, 36GB RAM came with a faulty logic board. Returned it. [#661]"
MBP16-M3PRO-36,"The screen on the MacBook Pro 16""M3 Pro, 36GB RAM flickers occasionally ‚I'mvery distracting. [#662]"
MBP16-M3PRO-36,"The MacBook Pro 16""M3 Pro, 36GB RAM crashes frequently and has serious stability issues. [#663]"
MBP16-M3PRO-36,"I regret upgrading to the MacBook Pro 16""M3 Pro, 36GB RAM; my old MacBook worked better. [#664]"
MBP16-M3PRO-36,"The MacBook Pro 16""M3 Pro, 36GB RAM froze during setup and continues to lag during use. [#665]"
MBP16-M3PRO-36,"My unit of the MacBook Pro 16""M3 Pro, 36GB RAM came with a faulty logic board. Returned it. [#666]"
MBP16-M3PRO-36,"My unit of the MacBook Pro 16""M3 Pro, 36GB RAM came with a faulty logic board. Returned it. [#667]"
MBP16-M3PRO-36,"My unit of the MacBook Pro 16""M3 Pro, 36GB RAM came with a faulty logic board. Returned it. [#668]"
MBP16-M3PRO-36,"The MacBook Pro 16""M3 Pro, 36GB RAM crashes frequently and has serious stability issues. [#669]"
MBP16-M3PRO-36,"The MacBook Pro 16""M3 Pro, 36GB RAM is far too bulky and loud to use comfortably. [#670]"
MBP16-M3PRO-36,"I regret upgrading to the MacBook Pro 16""M3 Pro, 36GB RAM; my old MacBook worked better. [#671]"
MBP16-M3PRO-36,"I regret upgrading to the MacBook Pro 16""M3 Pro, 36GB RAM; my old MacBook worked better. [#672]"
MBP16-M3PRO-36,"The keyboard on the MacBook Pro 16""M3 Pro, 36GB RAM is uncomfortable and poorly designed. [#673]"
MBP16-M3PRO-36,"For this price, the MacBook Pro 16""M3 Pro, 36GB RAM should not stutter on simple tasks. [#674]"
MBP16-M3PRO-36,"The screen on the MacBook Pro 16""M3 Pro, 36GB RAM flickers occasionally ‚I'mvery distracting. [#675]"
MBP16-M3PRO-36,"The MacBook Pro 16""M3 Pro, 36GB RAM is far too bulky and loud to use comfortably. [#676]"
MBP16-M3PRO-36,"The keyboard on the MacBook Pro 16""M3 Pro, 36GB RAM is uncomfortable and poorly designed. [#677]"